This is XeTeX, Version 3.141592653-2.6-0.999998 (TeX Live 2026/Arch Linux) (preloaded format=xelatex 2026.7.8)  12 JUL 2026 12:53
entering extended mode
 restricted \write18 enabled.
 %&-line parsing enabled.
**Main.tex
(./Main.tex
LaTeX2e <2025-11-01>
L3 programming layer <2026-01-19>
(../src/tstextbook.cls
Document Class: tstextbook 2017/02/19 Free LaTeX text book template from Typese
tters.se
(/usr/share/texmf-dist/tex/latex/base/book.cls
Document Class: book 2025/01/22 v1.4n Standard LaTeX document class
(/usr/share/texmf-dist/tex/latex/base/bk11.clo
File: bk11.clo 2025/01/22 v1.4n Standard LaTeX file (size option)
)
\c@part=\count271
\c@chapter=\count272
\c@section=\count273
\c@subsection=\count274
\c@subsubsection=\count275
\c@paragraph=\count276
\c@subparagraph=\count277
\c@figure=\count278
\c@table=\count279
\abovecaptionskip=\skip49
\belowcaptionskip=\skip50
\bibindent=\dimen148
)
(/usr/share/texmf-dist/tex/generic/babel/babel.sty
Package: babel 2026/02/14 v26.3 The multilingual framework for LuaLaTeX, pdfLaT
eX and XeLaTeX
\babel@savecnt=\count280
LaTeX Encoding Info:    Redeclaring text command \ij (encoding OT1) on input li
ne 2078.
LaTeX Encoding Info:    Redeclaring text command \IJ (encoding OT1) on input li
ne 2080.
LaTeX Encoding Info:    Redeclaring text command \ij (encoding T1) on input lin
e 2082.
LaTeX Encoding Info:    Redeclaring text command \IJ (encoding T1) on input lin
e 2083.
LaTeX Encoding Info:    Ignoring declaration for text command \ij (encoding ?) 
on input line 2084.
LaTeX Encoding Info:    Ignoring declaration for text command \IJ (encoding ?) 
on input line 2086.
LaTeX Encoding Info:    Ignoring declaration for text command \SS (encoding ?) 
on input line 2111.
\U@D=\dimen149
\l@unhyphenated=\language3

(/usr/share/texmf-dist/tex/generic/babel/xebabel.def)
\bbl@readstream=\read2
\bbl@dirlevel=\count281

(/usr/share/texmf-dist/tex/generic/babel/locale/en/babel-english.tex)
Package babel Info: Importing font and identification data for english
(babel)             from babel-en.ini. Reported on input line 4330.

(/usr/share/texmf-dist/tex/generic/babel-english/english.ldf
Language: english 2017/06/06 v3.3r English support from the babel system
Package babel Info: Hyphen rules for 'british' set to \l@english
(babel)             (\language0). Reported on input line 82.
Package babel Info: Hyphen rules for 'UKenglish' set to \l@english
(babel)             (\language0). Reported on input line 83.
Package babel Info: Hyphen rules for 'canadian' set to \l@english
(babel)             (\language0). Reported on input line 102.
Package babel Info: Hyphen rules for 'australian' set to \l@english
(babel)             (\language0). Reported on input line 105.
Package babel Info: Hyphen rules for 'newzealand' set to \l@english
(babel)             (\language0). Reported on input line 108.
))
(/usr/share/texmf-dist/tex/latex/geometry/geometry.sty
Package: geometry 2020/01/02 v5.9 Page Geometry

(/usr/share/texmf-dist/tex/latex/graphics/keyval.sty
Package: keyval 2022/05/29 v1.15 key=value parser (DPC)
\KV@toks@=\toks17
)
(/usr/share/texmf-dist/tex/generic/iftex/ifvtex.sty
Package: ifvtex 2019/10/25 v1.7 ifvtex legacy package. Use iftex instead.

(/usr/share/texmf-dist/tex/generic/iftex/iftex.sty
Package: iftex 2024/12/12 v1.0g TeX engine tests
))
\Gm@cnth=\count282
\Gm@cntv=\count283
\c@Gm@tempcnt=\count284
\Gm@bindingoffset=\dimen150
\Gm@wd@mp=\dimen151
\Gm@odd@mp=\dimen152
\Gm@even@mp=\dimen153
\Gm@layoutwidth=\dimen154
\Gm@layoutheight=\dimen155
\Gm@layouthoffset=\dimen156
\Gm@layoutvoffset=\dimen157
\Gm@dimlist=\toks18
)
(/usr/share/texmf-dist/tex/latex/epigraph/epigraph.sty
Package: epigraph 2020/01/02 v1.5e typesetting epigraphs

(/usr/share/texmf-dist/tex/latex/nextpage/nextpage.sty
Package: nextpage 2009/09/03 v1.1a additional page commands
)
\beforeepigraphskip=\skip51
\afterepigraphskip=\skip52
\epigraphwidth=\skip53
\epigraphrule=\skip54
)
(/usr/share/texmf-dist/tex/latex/kpfonts/kpfonts.sty
Package: kpfonts  2024/10/27 v3.36

(/usr/share/texmf-dist/tex/latex/kpfonts-otf/kpfonts-otf.sty
Package: kpfonts-otf 2026-02-16 0.72
\KpMtoks=\toks19

(/usr/share/texmf-dist/tex/latex/fontspec/fontspec.sty
(/usr/share/texmf-dist/tex/latex/l3packages/xparse/xparse.sty
(/usr/share/texmf-dist/tex/latex/l3kernel/expl3.sty
Package: expl3 2026-01-19 L3 programming layer (loader) 

(/usr/share/texmf-dist/tex/latex/l3backend/l3backend-xetex.def
File: l3backend-xetex.def 2025-10-09 L3 backend support: XeTeX
\g__graphics_track_int=\count285
\g__pdfannot_backend_int=\count286
\g__pdfannot_backend_link_int=\count287
))
Package: xparse 2025-10-09 L3 Experimental document command parser
)
Package: fontspec 2025/09/29 v2.9g Font selection for XeLaTeX and LuaLaTeX

(/usr/share/texmf-dist/tex/latex/fontspec/fontspec-xetex.sty
Package: fontspec-xetex 2025/09/29 v2.9g Font selection for XeLaTeX and LuaLaTe
X
\l__fontspec_script_int=\count288
\l__fontspec_language_int=\count289
\l__fontspec_strnum_int=\count290
\l__fontspec_tmp_int=\count291
\l__fontspec_tmpa_int=\count292
\l__fontspec_tmpb_int=\count293
\l__fontspec_tmpc_int=\count294
\l__fontspec_em_int=\count295
\l__fontspec_emdef_int=\count296
\l__fontspec_strong_int=\count297
\l__fontspec_strongdef_int=\count298
\l__fontspec_tmpa_dim=\dimen158
\l__fontspec_tmpb_dim=\dimen159
\l__fontspec_tmpc_dim=\dimen160

(/usr/share/texmf-dist/tex/latex/base/fontenc.sty
Package: fontenc 2025/07/18 v2.1d Standard LaTeX package
)
(/usr/share/texmf-dist/tex/latex/fontspec/fontspec.cfg)))
(/usr/share/texmf-dist/tex/latex/realscripts/realscripts.sty
Package: realscripts 2016/02/13 v0.3d Access OpenType subscripts and superscrip
ts
\subsupersep=\dimen161
)
(/usr/share/texmf-dist/tex/latex/kpfonts-otf/KpRoman.fontspec)

Package fontspec Info: 
(fontspec)             Font family 'KpRoman(0)' created for font 'KpRoman'
(fontspec)             with options [Extension = .otf,UprightFont =
(fontspec)             KpRoman-Regular,BoldFont = KpRoman-Bold,ItalicFont =
(fontspec)             KpRoman-Italic,BoldItalicFont =
(fontspec)             KpRoman-BoldItalic,SlantedFont =
(fontspec)             KpRoman-Regular,SlantedFeatures =
(fontspec)             {FakeSlant=0.19},BoldSlantedFont =
(fontspec)             KpRoman-Bold,BoldSlantedFeatures =
(fontspec)             {FakeSlant=0.19},SmallCapsFeatures =
(fontspec)             {Letters=PetiteCaps},Ligatures={Common,RequiredOff,RareO
ff,HistoricOff}].
(fontspec)              
(fontspec)              This font family consists of the following NFSS
(fontspec)             series/shapes:
(fontspec)              
(fontspec)             - 'normal' (m/n) with NFSS spec.:
(fontspec)             <->"[KpRoman-Regular.otf]/OT:script=latn;language=dflt;+
liga;-rlig;-dlig;-hlig;"
(fontspec)             - 'small caps'  (m/sc) with NFSS spec.:
(fontspec)             <->"[KpRoman-Regular.otf]/OT:script=latn;language=dflt;+
liga;-rlig;-dlig;-hlig;+pcap;"
(fontspec)             - 'bold' (b/n) with NFSS spec.:
(fontspec)             <->"[KpRoman-Bold.otf]/OT:script=latn;language=dflt;+lig
a;-rlig;-dlig;-hlig;"
(fontspec)             - 'bold small caps'  (b/sc) with NFSS spec.:
(fontspec)             <->"[KpRoman-Bold.otf]/OT:script=latn;language=dflt;+lig
a;-rlig;-dlig;-hlig;+pcap;"
(fontspec)             - 'italic' (m/it) with NFSS spec.:
(fontspec)             <->"[KpRoman-Italic.otf]/OT:script=latn;language=dflt;+l
iga;-rlig;-dlig;-hlig;"
(fontspec)             - 'italic small caps'  (m/scit) with NFSS spec.:
(fontspec)             <->"[KpRoman-Italic.otf]/OT:script=latn;language=dflt;+l
iga;-rlig;-dlig;-hlig;+pcap;"
(fontspec)             - 'slanted' (m/sl) with NFSS spec.:
(fontspec)             <->"[KpRoman-Regular.otf]/OT:script=latn;language=dflt;s
lant=0.19;+liga;-rlig;-dlig;-hlig;"
(fontspec)             - 'slanted small caps'  (m/scsl) with NFSS spec.:
(fontspec)             <->"[KpRoman-Regular.otf]/OT:script=latn;language=dflt;s
lant=0.19;+liga;-rlig;-dlig;-hlig;+pcap;"
(fontspec)             - 'bold italic' (b/it) with NFSS spec.:
(fontspec)             <->"[KpRoman-BoldItalic.otf]/OT:script=latn;language=dfl
t;+liga;-rlig;-dlig;-hlig;"
(fontspec)             - 'bold italic small caps'  (b/scit) with NFSS spec.:
(fontspec)             <->"[KpRoman-BoldItalic.otf]/OT:script=latn;language=dfl
t;+liga;-rlig;-dlig;-hlig;+pcap;"
(fontspec)             - 'bold slanted' (b/sl) with NFSS spec.:
(fontspec)             <->"[KpRoman-Bold.otf]/OT:script=latn;language=dflt;slan
t=0.19;+liga;-rlig;-dlig;-hlig;"
(fontspec)             - 'bold slanted small caps'  (b/scsl) with NFSS spec.:
(fontspec)             <->"[KpRoman-Bold.otf]/OT:script=latn;language=dflt;slan
t=0.19;+liga;-rlig;-dlig;-hlig;+pcap;"


(/usr/share/texmf-dist/tex/latex/kpfonts-otf/KpLight.fontspec)

Package fontspec Info: 
(fontspec)             Font family 'KpLight(0)' created for font 'KpLight'
(fontspec)             with options [Extension = .otf,UprightFont =
(fontspec)             KpRoman-Light,BoldFont = KpRoman-Semibold,ItalicFont =
(fontspec)             KpRoman-LightItalic,BoldItalicFont =
(fontspec)             KpRoman-SemiboldItalic,SlantedFont =
(fontspec)             KpRoman-Light,SlantedFeatures =
(fontspec)             {FakeSlant=0.19},BoldSlantedFont =
(fontspec)             KpRoman-Semibold,BoldSlantedFeatures =
(fontspec)             {FakeSlant=0.19},SmallCapsFeatures =
(fontspec)             {Letters=PetiteCaps},Ligatures={Common,RequiredOff,RareO
ff,HistoricOff}].
(fontspec)              
(fontspec)              This font family consists of the following NFSS
(fontspec)             series/shapes:
(fontspec)              
(fontspec)             - 'normal' (m/n) with NFSS spec.:
(fontspec)             <->"[KpRoman-Light.otf]/OT:script=latn;language=dflt;+li
ga;-rlig;-dlig;-hlig;"
(fontspec)             - 'small caps'  (m/sc) with NFSS spec.:
(fontspec)             <->"[KpRoman-Light.otf]/OT:script=latn;language=dflt;+li
ga;-rlig;-dlig;-hlig;+pcap;"
(fontspec)             - 'bold' (b/n) with NFSS spec.:
(fontspec)             <->"[KpRoman-Semibold.otf]/OT:script=latn;language=dflt;
+liga;-rlig;-dlig;-hlig;"
(fontspec)             - 'bold small caps'  (b/sc) with NFSS spec.:
(fontspec)             <->"[KpRoman-Semibold.otf]/OT:script=latn;language=dflt;
+liga;-rlig;-dlig;-hlig;+pcap;"
(fontspec)             - 'italic' (m/it) with NFSS spec.:
(fontspec)             <->"[KpRoman-LightItalic.otf]/OT:script=latn;language=df
lt;+liga;-rlig;-dlig;-hlig;"
(fontspec)             - 'italic small caps'  (m/scit) with NFSS spec.:
(fontspec)             <->"[KpRoman-LightItalic.otf]/OT:script=latn;language=df
lt;+liga;-rlig;-dlig;-hlig;+pcap;"
(fontspec)             - 'slanted' (m/sl) with NFSS spec.:
(fontspec)             <->"[KpRoman-Light.otf]/OT:script=latn;language=dflt;sla
nt=0.19;+liga;-rlig;-dlig;-hlig;"
(fontspec)             - 'slanted small caps'  (m/scsl) with NFSS spec.:
(fontspec)             <->"[KpRoman-Light.otf]/OT:script=latn;language=dflt;sla
nt=0.19;+liga;-rlig;-dlig;-hlig;+pcap;"
(fontspec)             - 'bold italic' (b/it) with NFSS spec.:
(fontspec)             <->"[KpRoman-SemiboldItalic.otf]/OT:script=latn;language
=dflt;+liga;-rlig;-dlig;-hlig;"
(fontspec)             - 'bold italic small caps'  (b/scit) with NFSS spec.:
(fontspec)             <->"[KpRoman-SemiboldItalic.otf]/OT:script=latn;language
=dflt;+liga;-rlig;-dlig;-hlig;+pcap;"
(fontspec)             - 'bold slanted' (b/sl) with NFSS spec.:
(fontspec)             <->"[KpRoman-Semibold.otf]/OT:script=latn;language=dflt;
slant=0.19;+liga;-rlig;-dlig;-hlig;"
(fontspec)             - 'bold slanted small caps'  (b/scsl) with NFSS spec.:
(fontspec)             <->"[KpRoman-Semibold.otf]/OT:script=latn;language=dflt;
slant=0.19;+liga;-rlig;-dlig;-hlig;+pcap;"


Package fontspec Info: 
(fontspec)             Font family 'KpRoman(1)' created for font 'KpRoman'
(fontspec)             with options [Ligatures=TeX,Extension =
(fontspec)             .otf,UprightFont = KpRoman-Regular,BoldFont =
(fontspec)             KpRoman-Bold,ItalicFont = KpRoman-Italic,BoldItalicFont
(fontspec)             = KpRoman-BoldItalic,SlantedFont =
(fontspec)             KpRoman-Regular,SlantedFeatures =
(fontspec)             {FakeSlant=0.19},BoldSlantedFont =
(fontspec)             KpRoman-Bold,BoldSlantedFeatures =
(fontspec)             {FakeSlant=0.19},SmallCapsFeatures =
(fontspec)             {Letters=PetiteCaps},Ligatures={Common,RequiredOff,RareO
ff,HistoricOff},SmallCapsFeatures
(fontspec)             = {Letters=PetiteCaps}].
(fontspec)              
(fontspec)              This font family consists of the following NFSS
(fontspec)             series/shapes:
(fontspec)              
(fontspec)             - 'normal' (m/n) with NFSS spec.:
(fontspec)             <->"[KpRoman-Regular.otf]/OT:script=latn;language=dflt;+
liga;-rlig;-dlig;-hlig;mapping=tex-text;"
(fontspec)             - 'small caps'  (m/sc) with NFSS spec.:
(fontspec)             <->"[KpRoman-Regular.otf]/OT:script=latn;language=dflt;+
liga;-rlig;-dlig;-hlig;+pcap;mapping=tex-text;"
(fontspec)             - 'bold' (b/n) with NFSS spec.:
(fontspec)             <->"[KpRoman-Bold.otf]/OT:script=latn;language=dflt;+lig
a;-rlig;-dlig;-hlig;mapping=tex-text;"
(fontspec)             - 'bold small caps'  (b/sc) with NFSS spec.:
(fontspec)             <->"[KpRoman-Bold.otf]/OT:script=latn;language=dflt;+lig
a;-rlig;-dlig;-hlig;+pcap;mapping=tex-text;"
(fontspec)             - 'italic' (m/it) with NFSS spec.:
(fontspec)             <->"[KpRoman-Italic.otf]/OT:script=latn;language=dflt;+l
iga;-rlig;-dlig;-hlig;mapping=tex-text;"
(fontspec)             - 'italic small caps'  (m/scit) with NFSS spec.:
(fontspec)             <->"[KpRoman-Italic.otf]/OT:script=latn;language=dflt;+l
iga;-rlig;-dlig;-hlig;+pcap;mapping=tex-text;"
(fontspec)             - 'slanted' (m/sl) with NFSS spec.:
(fontspec)             <->"[KpRoman-Regular.otf]/OT:script=latn;language=dflt;s
lant=0.19;+liga;-rlig;-dlig;-hlig;mapping=tex-text;"
(fontspec)             - 'slanted small caps'  (m/scsl) with NFSS spec.:
(fontspec)             <->"[KpRoman-Regular.otf]/OT:script=latn;language=dflt;s
lant=0.19;+liga;-rlig;-dlig;-hlig;+pcap;mapping=tex-text;"
(fontspec)             - 'bold italic' (b/it) with NFSS spec.:
(fontspec)             <->"[KpRoman-BoldItalic.otf]/OT:script=latn;language=dfl
t;+liga;-rlig;-dlig;-hlig;mapping=tex-text;"
(fontspec)             - 'bold italic small caps'  (b/scit) with NFSS spec.:
(fontspec)             <->"[KpRoman-BoldItalic.otf]/OT:script=latn;language=dfl
t;+liga;-rlig;-dlig;-hlig;+pcap;mapping=tex-text;"
(fontspec)             - 'bold slanted' (b/sl) with NFSS spec.:
(fontspec)             <->"[KpRoman-Bold.otf]/OT:script=latn;language=dflt;slan
t=0.19;+liga;-rlig;-dlig;-hlig;mapping=tex-text;"
(fontspec)             - 'bold slanted small caps'  (b/scsl) with NFSS spec.:
(fontspec)             <->"[KpRoman-Bold.otf]/OT:script=latn;language=dflt;slan
t=0.19;+liga;-rlig;-dlig;-hlig;+pcap;mapping=tex-text;"


Package fontspec Info: 
(fontspec)             Font family 'KpRoman(2)' created for font 'KpRoman'
(fontspec)             with options [Extension = .otf,UprightFont =
(fontspec)             KpRoman-Regular,BoldFont = KpRoman-Bold,ItalicFont =
(fontspec)             KpRoman-Italic,BoldItalicFont =
(fontspec)             KpRoman-BoldItalic,SlantedFont =
(fontspec)             KpRoman-Regular,SlantedFeatures =
(fontspec)             {FakeSlant=0.19},BoldSlantedFont =
(fontspec)             KpRoman-Bold,BoldSlantedFeatures =
(fontspec)             {FakeSlant=0.19},SmallCapsFeatures =
(fontspec)             {Letters=PetiteCaps},Ligatures={Common,RequiredOff,RareO
ff,HistoricOff},SmallCapsFeatures
(fontspec)             = {Letters=PetiteCaps}].
(fontspec)              
(fontspec)              This font family consists of the following NFSS
(fontspec)             series/shapes:
(fontspec)              
(fontspec)             - 'normal' (m/n) with NFSS spec.:
(fontspec)             <->"[KpRoman-Regular.otf]/OT:script=latn;language=dflt;+
liga;-rlig;-dlig;-hlig;"
(fontspec)             - 'small caps'  (m/sc) with NFSS spec.:
(fontspec)             <->"[KpRoman-Regular.otf]/OT:script=latn;language=dflt;+
liga;-rlig;-dlig;-hlig;+pcap;"
(fontspec)             - 'bold' (b/n) with NFSS spec.:
(fontspec)             <->"[KpRoman-Bold.otf]/OT:script=latn;language=dflt;+lig
a;-rlig;-dlig;-hlig;"
(fontspec)             - 'bold small caps'  (b/sc) with NFSS spec.:
(fontspec)             <->"[KpRoman-Bold.otf]/OT:script=latn;language=dflt;+lig
a;-rlig;-dlig;-hlig;+pcap;"
(fontspec)             - 'italic' (m/it) with NFSS spec.:
(fontspec)             <->"[KpRoman-Italic.otf]/OT:script=latn;language=dflt;+l
iga;-rlig;-dlig;-hlig;"
(fontspec)             - 'italic small caps'  (m/scit) with NFSS spec.:
(fontspec)             <->"[KpRoman-Italic.otf]/OT:script=latn;language=dflt;+l
iga;-rlig;-dlig;-hlig;+pcap;"
(fontspec)             - 'slanted' (m/sl) with NFSS spec.:
(fontspec)             <->"[KpRoman-Regular.otf]/OT:script=latn;language=dflt;s
lant=0.19;+liga;-rlig;-dlig;-hlig;"
(fontspec)             - 'slanted small caps'  (m/scsl) with NFSS spec.:
(fontspec)             <->"[KpRoman-Regular.otf]/OT:script=latn;language=dflt;s
lant=0.19;+liga;-rlig;-dlig;-hlig;+pcap;"
(fontspec)             - 'bold italic' (b/it) with NFSS spec.:
(fontspec)             <->"[KpRoman-BoldItalic.otf]/OT:script=latn;language=dfl
t;+liga;-rlig;-dlig;-hlig;"
(fontspec)             - 'bold italic small caps'  (b/scit) with NFSS spec.:
(fontspec)             <->"[KpRoman-BoldItalic.otf]/OT:script=latn;language=dfl
t;+liga;-rlig;-dlig;-hlig;+pcap;"
(fontspec)             - 'bold slanted' (b/sl) with NFSS spec.:
(fontspec)             <->"[KpRoman-Bold.otf]/OT:script=latn;language=dflt;slan
t=0.19;+liga;-rlig;-dlig;-hlig;"
(fontspec)             - 'bold slanted small caps'  (b/scsl) with NFSS spec.:
(fontspec)             <->"[KpRoman-Bold.otf]/OT:script=latn;language=dflt;slan
t=0.19;+liga;-rlig;-dlig;-hlig;+pcap;"


Package fontspec Info: 
(fontspec)             Font family 'KpLight(1)' created for font 'KpLight'
(fontspec)             with options [Extension = .otf,UprightFont =
(fontspec)             KpRoman-Light,BoldFont = KpRoman-Semibold,ItalicFont =
(fontspec)             KpRoman-LightItalic,BoldItalicFont =
(fontspec)             KpRoman-SemiboldItalic,SlantedFont =
(fontspec)             KpRoman-Light,SlantedFeatures =
(fontspec)             {FakeSlant=0.19},BoldSlantedFont =
(fontspec)             KpRoman-Semibold,BoldSlantedFeatures =
(fontspec)             {FakeSlant=0.19},SmallCapsFeatures =
(fontspec)             {Letters=PetiteCaps},Ligatures={Common,RequiredOff,RareO
ff,HistoricOff},SmallCapsFeatures
(fontspec)             = {Letters=PetiteCaps}].
(fontspec)              
(fontspec)              This font family consists of the following NFSS
(fontspec)             series/shapes:
(fontspec)              
(fontspec)             - 'normal' (m/n) with NFSS spec.:
(fontspec)             <->"[KpRoman-Light.otf]/OT:script=latn;language=dflt;+li
ga;-rlig;-dlig;-hlig;"
(fontspec)             - 'small caps'  (m/sc) with NFSS spec.:
(fontspec)             <->"[KpRoman-Light.otf]/OT:script=latn;language=dflt;+li
ga;-rlig;-dlig;-hlig;+pcap;"
(fontspec)             - 'bold' (b/n) with NFSS spec.:
(fontspec)             <->"[KpRoman-Semibold.otf]/OT:script=latn;language=dflt;
+liga;-rlig;-dlig;-hlig;"
(fontspec)             - 'bold small caps'  (b/sc) with NFSS spec.:
(fontspec)             <->"[KpRoman-Semibold.otf]/OT:script=latn;language=dflt;
+liga;-rlig;-dlig;-hlig;+pcap;"
(fontspec)             - 'italic' (m/it) with NFSS spec.:
(fontspec)             <->"[KpRoman-LightItalic.otf]/OT:script=latn;language=df
lt;+liga;-rlig;-dlig;-hlig;"
(fontspec)             - 'italic small caps'  (m/scit) with NFSS spec.:
(fontspec)             <->"[KpRoman-LightItalic.otf]/OT:script=latn;language=df
lt;+liga;-rlig;-dlig;-hlig;+pcap;"
(fontspec)             - 'slanted' (m/sl) with NFSS spec.:
(fontspec)             <->"[KpRoman-Light.otf]/OT:script=latn;language=dflt;sla
nt=0.19;+liga;-rlig;-dlig;-hlig;"
(fontspec)             - 'slanted small caps'  (m/scsl) with NFSS spec.:
(fontspec)             <->"[KpRoman-Light.otf]/OT:script=latn;language=dflt;sla
nt=0.19;+liga;-rlig;-dlig;-hlig;+pcap;"
(fontspec)             - 'bold italic' (b/it) with NFSS spec.:
(fontspec)             <->"[KpRoman-SemiboldItalic.otf]/OT:script=latn;language
=dflt;+liga;-rlig;-dlig;-hlig;"
(fontspec)             - 'bold italic small caps'  (b/scit) with NFSS spec.:
(fontspec)             <->"[KpRoman-SemiboldItalic.otf]/OT:script=latn;language
=dflt;+liga;-rlig;-dlig;-hlig;+pcap;"
(fontspec)             - 'bold slanted' (b/sl) with NFSS spec.:
(fontspec)             <->"[KpRoman-Semibold.otf]/OT:script=latn;language=dflt;
slant=0.19;+liga;-rlig;-dlig;-hlig;"
(fontspec)             - 'bold slanted small caps'  (b/scsl) with NFSS spec.:
(fontspec)             <->"[KpRoman-Semibold.otf]/OT:script=latn;language=dflt;
slant=0.19;+liga;-rlig;-dlig;-hlig;+pcap;"


(/usr/share/texmf-dist/tex/latex/kpfonts-otf/KpSans.fontspec)

Package fontspec Info: 
(fontspec)             Font family 'KpSans(0)' created for font 'KpSans' with
(fontspec)             options [Ligatures=TeX,SmallCapsFeatures =
(fontspec)             {Letters=PetiteCaps},Extension = .otf,UprightFont =
(fontspec)             *-Regular,BoldFont = *-Bold,ItalicFont =
(fontspec)             *-Italic,BoldItalicFont =
(fontspec)             *-BoldItalic,SmallCapsFeatures = {Letters=PetiteCaps}].
(fontspec)              
(fontspec)              This font family consists of the following NFSS
(fontspec)             series/shapes:
(fontspec)              
(fontspec)             - 'normal' (m/n) with NFSS spec.:
(fontspec)             <->"[KpSans-Regular.otf]/OT:script=latn;language=dflt;ma
pping=tex-text;"
(fontspec)             - 'small caps'  (m/sc) with NFSS spec.:
(fontspec)             <->"[KpSans-Regular.otf]/OT:script=latn;language=dflt;+p
cap;mapping=tex-text;"
(fontspec)             - 'bold' (b/n) with NFSS spec.:
(fontspec)             <->"[KpSans-Bold.otf]/OT:script=latn;language=dflt;mappi
ng=tex-text;"
(fontspec)             - 'bold small caps'  (b/sc) with NFSS spec.:
(fontspec)             <->"[KpSans-Bold.otf]/OT:script=latn;language=dflt;+pcap
;mapping=tex-text;"
(fontspec)             - 'italic' (m/it) with NFSS spec.:
(fontspec)             <->"[KpSans-Italic.otf]/OT:script=latn;language=dflt;map
ping=tex-text;"
(fontspec)             - 'italic small caps'  (m/scit) with NFSS spec.:
(fontspec)             <->"[KpSans-Italic.otf]/OT:script=latn;language=dflt;+pc
ap;mapping=tex-text;"
(fontspec)             - 'bold italic' (b/it) with NFSS spec.:
(fontspec)             <->"[KpSans-BoldItalic.otf]/OT:script=latn;language=dflt
;mapping=tex-text;"
(fontspec)             - 'bold italic small caps'  (b/scit) with NFSS spec.:
(fontspec)             <->"[KpSans-BoldItalic.otf]/OT:script=latn;language=dflt
;+pcap;mapping=tex-text;"


(/usr/share/texmf-dist/tex/latex/kpfonts-otf/KpMono.fontspec)

Package fontspec Info: 
(fontspec)             Font family 'KpMono(0)' created for font 'KpMono' with
(fontspec)             options
(fontspec)             [WordSpace={1,0,0},HyphenChar=None,PunctuationSpace=Word
Space,Extension
(fontspec)             = .otf,UprightFont = *-Regular,BoldFont =
(fontspec)             *-Bold,ItalicFont = *-Italic,BoldItalicFont =
(fontspec)             *-BoldItalic].
(fontspec)              
(fontspec)              This font family consists of the following NFSS
(fontspec)             series/shapes:
(fontspec)              
(fontspec)             - 'normal' (m/n) with NFSS spec.:
(fontspec)             <->"[KpMono-Regular.otf]/OT:script=latn;language=dflt;"
(fontspec)             - 'bold' (b/n) with NFSS spec.:
(fontspec)             <->"[KpMono-Bold.otf]/OT:script=latn;language=dflt;"
(fontspec)             - 'italic' (m/it) with NFSS spec.:
(fontspec)             <->"[KpMono-Italic.otf]/OT:script=latn;language=dflt;"
(fontspec)             - 'bold italic' (b/it) with NFSS spec.:
(fontspec)             <->"[KpMono-BoldItalic.otf]/OT:script=latn;language=dflt
;"


(/usr/share/texmf-dist/tex/latex/unicode-math/unicode-math.sty
Package: unicode-math 2023/08/13 v0.8r Unicode maths in XeLaTeX and LuaLaTeX

(/usr/share/texmf-dist/tex/latex/unicode-math/unicode-math-xetex.sty
Package: unicode-math-xetex 2023/08/13 v0.8r Unicode maths in XeLaTeX and LuaLa
TeX

(/usr/share/texmf-dist/tex/latex/l3packages/l3keys2e/l3keys2e.sty
Package: l3keys2e 2025-10-09 LaTeX2e option processing using LaTeX3 keys
)
(/usr/share/texmf-dist/tex/latex/base/fix-cm.sty
Package: fix-cm 2020/11/24 v1.1t fixes to LaTeX

(/usr/share/texmf-dist/tex/latex/base/ts1enc.def
File: ts1enc.def 2001/06/05 v3.0e (jk/car/fm) Standard LaTeX file
LaTeX Font Info:    Redeclaring font encoding TS1 on input line 47.
LaTeX Encoding Info:    Redeclaring text command \capitalcedilla (encoding TS1)
 on input line 49.
LaTeX Encoding Info:    Redeclaring text command \capitalogonek (encoding TS1) 
on input line 52.
LaTeX Encoding Info:    Redeclaring text command \capitalgrave (encoding TS1) o
n input line 55.
LaTeX Encoding Info:    Redeclaring text command \capitalacute (encoding TS1) o
n input line 56.
LaTeX Encoding Info:    Redeclaring text command \capitalcircumflex (encoding T
S1) on input line 57.
LaTeX Encoding Info:    Redeclaring text command \capitaltilde (encoding TS1) o
n input line 58.
LaTeX Encoding Info:    Redeclaring text command \capitaldieresis (encoding TS1
) on input line 59.
LaTeX Encoding Info:    Redeclaring text command \capitalhungarumlaut (encoding
 TS1) on input line 60.
LaTeX Encoding Info:    Redeclaring text command \capitalring (encoding TS1) on
 input line 61.
LaTeX Encoding Info:    Redeclaring text command \capitalcaron (encoding TS1) o
n input line 62.
LaTeX Encoding Info:    Redeclaring text command \capitalbreve (encoding TS1) o
n input line 63.
LaTeX Encoding Info:    Redeclaring text command \capitalmacron (encoding TS1) 
on input line 64.
LaTeX Encoding Info:    Redeclaring text command \capitaldotaccent (encoding TS
1) on input line 65.
LaTeX Encoding Info:    Redeclaring text command \t (encoding TS1) on input lin
e 66.
LaTeX Encoding Info:    Redeclaring text command \capitaltie (encoding TS1) on 
input line 67.
LaTeX Encoding Info:    Redeclaring text command \newtie (encoding TS1) on inpu
t line 68.
LaTeX Encoding Info:    Redeclaring text command \capitalnewtie (encoding TS1) 
on input line 69.
LaTeX Encoding Info:    Redeclaring text symbol \textcapitalcompwordmark (encod
ing TS1) on input line 70.
LaTeX Encoding Info:    Redeclaring text symbol \textascendercompwordmark (enco
ding TS1) on input line 71.
LaTeX Encoding Info:    Redeclaring text symbol \textquotestraightbase (encodin
g TS1) on input line 72.
LaTeX Encoding Info:    Redeclaring text symbol \textquotestraightdblbase (enco
ding TS1) on input line 73.
LaTeX Encoding Info:    Redeclaring text symbol \texttwelveudash (encoding TS1)
 on input line 74.
LaTeX Encoding Info:    Redeclaring text symbol \textthreequartersemdash (encod
ing TS1) on input line 75.
LaTeX Encoding Info:    Redeclaring text symbol \textleftarrow (encoding TS1) o
n input line 76.
LaTeX Encoding Info:    Redeclaring text symbol \textrightarrow (encoding TS1) 
on input line 77.
LaTeX Encoding Info:    Redeclaring text symbol \textblank (encoding TS1) on in
put line 78.
LaTeX Encoding Info:    Redeclaring text symbol \textdollar (encoding TS1) on i
nput line 79.
LaTeX Encoding Info:    Redeclaring text symbol \textquotesingle (encoding TS1)
 on input line 80.
LaTeX Encoding Info:    Redeclaring text command \textasteriskcentered (encodin
g TS1) on input line 81.
LaTeX Encoding Info:    Redeclaring text symbol \textdblhyphen (encoding TS1) o
n input line 92.
LaTeX Encoding Info:    Redeclaring text symbol \textfractionsolidus (encoding 
TS1) on input line 93.
LaTeX Encoding Info:    Redeclaring text symbol \textzerooldstyle (encoding TS1
) on input line 94.
LaTeX Encoding Info:    Redeclaring text symbol \textoneoldstyle (encoding TS1)
 on input line 95.
LaTeX Encoding Info:    Redeclaring text symbol \texttwooldstyle (encoding TS1)
 on input line 96.
LaTeX Encoding Info:    Redeclaring text symbol \textthreeoldstyle (encoding TS
1) on input line 97.
LaTeX Encoding Info:    Redeclaring text symbol \textfouroldstyle (encoding TS1
) on input line 98.
LaTeX Encoding Info:    Redeclaring text symbol \textfiveoldstyle (encoding TS1
) on input line 99.
LaTeX Encoding Info:    Redeclaring text symbol \textsixoldstyle (encoding TS1)
 on input line 100.
LaTeX Encoding Info:    Redeclaring text symbol \textsevenoldstyle (encoding TS
1) on input line 101.
LaTeX Encoding Info:    Redeclaring text symbol \texteightoldstyle (encoding TS
1) on input line 102.
LaTeX Encoding Info:    Redeclaring text symbol \textnineoldstyle (encoding TS1
) on input line 103.
LaTeX Encoding Info:    Redeclaring text symbol \textlangle (encoding TS1) on i
nput line 104.
LaTeX Encoding Info:    Redeclaring text symbol \textminus (encoding TS1) on in
put line 105.
LaTeX Encoding Info:    Redeclaring text symbol \textrangle (encoding TS1) on i
nput line 106.
LaTeX Encoding Info:    Redeclaring text symbol \textmho (encoding TS1) on inpu
t line 107.
LaTeX Encoding Info:    Redeclaring text symbol \textbigcircle (encoding TS1) o
n input line 108.
LaTeX Encoding Info:    Redeclaring text command \textcircled (encoding TS1) on
 input line 109.
LaTeX Encoding Info:    Redeclaring text symbol \textohm (encoding TS1) on inpu
t line 115.
LaTeX Encoding Info:    Redeclaring text symbol \textlbrackdbl (encoding TS1) o
n input line 116.
LaTeX Encoding Info:    Redeclaring text symbol \textrbrackdbl (encoding TS1) o
n input line 117.
LaTeX Encoding Info:    Redeclaring text symbol \textuparrow (encoding TS1) on 
input line 118.
LaTeX Encoding Info:    Redeclaring text symbol \textdownarrow (encoding TS1) o
n input line 119.
LaTeX Encoding Info:    Redeclaring text symbol \textasciigrave (encoding TS1) 
on input line 120.
LaTeX Encoding Info:    Redeclaring text symbol \textborn (encoding TS1) on inp
ut line 121.
LaTeX Encoding Info:    Redeclaring text symbol \textdivorced (encoding TS1) on
 input line 122.
LaTeX Encoding Info:    Redeclaring text symbol \textdied (encoding TS1) on inp
ut line 123.
LaTeX Encoding Info:    Redeclaring text symbol \textleaf (encoding TS1) on inp
ut line 124.
LaTeX Encoding Info:    Redeclaring text symbol \textmarried (encoding TS1) on 
input line 125.
LaTeX Encoding Info:    Redeclaring text symbol \textmusicalnote (encoding TS1)
 on input line 126.
LaTeX Encoding Info:    Redeclaring text symbol \texttildelow (encoding TS1) on
 input line 127.
LaTeX Encoding Info:    Redeclaring text symbol \textdblhyphenchar (encoding TS
1) on input line 128.
LaTeX Encoding Info:    Redeclaring text symbol \textasciibreve (encoding TS1) 
on input line 129.
LaTeX Encoding Info:    Redeclaring text symbol \textasciicaron (encoding TS1) 
on input line 130.
LaTeX Encoding Info:    Redeclaring text symbol \textacutedbl (encoding TS1) on
 input line 131.
LaTeX Encoding Info:    Redeclaring text symbol \textgravedbl (encoding TS1) on
 input line 132.
LaTeX Encoding Info:    Redeclaring text symbol \textdagger (encoding TS1) on i
nput line 133.
LaTeX Encoding Info:    Redeclaring text symbol \textdaggerdbl (encoding TS1) o
n input line 134.
LaTeX Encoding Info:    Redeclaring text symbol \textbardbl (encoding TS1) on i
nput line 135.
LaTeX Encoding Info:    Redeclaring text symbol \textperthousand (encoding TS1)
 on input line 136.
LaTeX Encoding Info:    Redeclaring text symbol \textbullet (encoding TS1) on i
nput line 137.
LaTeX Encoding Info:    Redeclaring text symbol \textcelsius (encoding TS1) on 
input line 138.
LaTeX Encoding Info:    Redeclaring text symbol \textdollaroldstyle (encoding T
S1) on input line 139.
LaTeX Encoding Info:    Redeclaring text symbol \textcentoldstyle (encoding TS1
) on input line 140.
LaTeX Encoding Info:    Redeclaring text symbol \textflorin (encoding TS1) on i
nput line 141.
LaTeX Encoding Info:    Redeclaring text symbol \textcolonmonetary (encoding TS
1) on input line 142.
LaTeX Encoding Info:    Redeclaring text symbol \textwon (encoding TS1) on inpu
t line 143.
LaTeX Encoding Info:    Redeclaring text symbol \textnaira (encoding TS1) on in
put line 144.
LaTeX Encoding Info:    Redeclaring text symbol \textguarani (encoding TS1) on 
input line 145.
LaTeX Encoding Info:    Redeclaring text symbol \textpeso (encoding TS1) on inp
ut line 146.
LaTeX Encoding Info:    Redeclaring text symbol \textlira (encoding TS1) on inp
ut line 147.
LaTeX Encoding Info:    Redeclaring text symbol \textrecipe (encoding TS1) on i
nput line 148.
LaTeX Encoding Info:    Redeclaring text symbol \textinterrobang (encoding TS1)
 on input line 149.
LaTeX Encoding Info:    Redeclaring text symbol \textinterrobangdown (encoding 
TS1) on input line 150.
LaTeX Encoding Info:    Redeclaring text symbol \textdong (encoding TS1) on inp
ut line 151.
LaTeX Encoding Info:    Redeclaring text symbol \texttrademark (encoding TS1) o
n input line 152.
LaTeX Encoding Info:    Redeclaring text symbol \textpertenthousand (encoding T
S1) on input line 153.
LaTeX Encoding Info:    Redeclaring text symbol \textpilcrow (encoding TS1) on 
input line 154.
LaTeX Encoding Info:    Redeclaring text symbol \textbaht (encoding TS1) on inp
ut line 155.
LaTeX Encoding Info:    Redeclaring text symbol \textnumero (encoding TS1) on i
nput line 156.
LaTeX Encoding Info:    Redeclaring text symbol \textdiscount (encoding TS1) on
 input line 157.
LaTeX Encoding Info:    Redeclaring text symbol \textestimated (encoding TS1) o
n input line 158.
LaTeX Encoding Info:    Redeclaring text symbol \textopenbullet (encoding TS1) 
on input line 159.
LaTeX Encoding Info:    Redeclaring text symbol \textservicemark (encoding TS1)
 on input line 160.
LaTeX Encoding Info:    Redeclaring text symbol \textlquill (encoding TS1) on i
nput line 161.
LaTeX Encoding Info:    Redeclaring text symbol \textrquill (encoding TS1) on i
nput line 162.
LaTeX Encoding Info:    Redeclaring text symbol \textcent (encoding TS1) on inp
ut line 163.
LaTeX Encoding Info:    Redeclaring text symbol \textsterling (encoding TS1) on
 input line 164.
LaTeX Encoding Info:    Redeclaring text symbol \textcurrency (encoding TS1) on
 input line 165.
LaTeX Encoding Info:    Redeclaring text symbol \textyen (encoding TS1) on inpu
t line 166.
LaTeX Encoding Info:    Redeclaring text symbol \textbrokenbar (encoding TS1) o
n input line 167.
LaTeX Encoding Info:    Redeclaring text symbol \textsection (encoding TS1) on 
input line 168.
LaTeX Encoding Info:    Redeclaring text symbol \textasciidieresis (encoding TS
1) on input line 169.
LaTeX Encoding Info:    Redeclaring text symbol \textcopyright (encoding TS1) o
n input line 170.
LaTeX Encoding Info:    Redeclaring text symbol \textordfeminine (encoding TS1)
 on input line 171.
LaTeX Encoding Info:    Redeclaring text symbol \textcopyleft (encoding TS1) on
 input line 172.
LaTeX Encoding Info:    Redeclaring text symbol \textlnot (encoding TS1) on inp
ut line 173.
LaTeX Encoding Info:    Redeclaring text symbol \textcircledP (encoding TS1) on
 input line 174.
LaTeX Encoding Info:    Redeclaring text symbol \textregistered (encoding TS1) 
on input line 175.
LaTeX Encoding Info:    Redeclaring text symbol \textasciimacron (encoding TS1)
 on input line 176.
LaTeX Encoding Info:    Redeclaring text symbol \textdegree (encoding TS1) on i
nput line 177.
LaTeX Encoding Info:    Redeclaring text symbol \textpm (encoding TS1) on input
 line 178.
LaTeX Encoding Info:    Redeclaring text symbol \texttwosuperior (encoding TS1)
 on input line 179.
LaTeX Encoding Info:    Redeclaring text symbol \textthreesuperior (encoding TS
1) on input line 180.
LaTeX Encoding Info:    Redeclaring text symbol \textasciiacute (encoding TS1) 
on input line 181.
LaTeX Encoding Info:    Redeclaring text symbol \textmu (encoding TS1) on input
 line 182.
LaTeX Encoding Info:    Redeclaring text symbol \textparagraph (encoding TS1) o
n input line 183.
LaTeX Encoding Info:    Redeclaring text symbol \textperiodcentered (encoding T
S1) on input line 184.
LaTeX Encoding Info:    Redeclaring text symbol \textreferencemark (encoding TS
1) on input line 185.
LaTeX Encoding Info:    Redeclaring text symbol \textonesuperior (encoding TS1)
 on input line 186.
LaTeX Encoding Info:    Redeclaring text symbol \textordmasculine (encoding TS1
) on input line 187.
LaTeX Encoding Info:    Redeclaring text symbol \textsurd (encoding TS1) on inp
ut line 188.
LaTeX Encoding Info:    Redeclaring text symbol \textonequarter (encoding TS1) 
on input line 189.
LaTeX Encoding Info:    Redeclaring text symbol \textonehalf (encoding TS1) on 
input line 190.
LaTeX Encoding Info:    Redeclaring text symbol \textthreequarters (encoding TS
1) on input line 191.
LaTeX Encoding Info:    Redeclaring text symbol \texteuro (encoding TS1) on inp
ut line 192.
LaTeX Encoding Info:    Redeclaring text symbol \texttimes (encoding TS1) on in
put line 193.
LaTeX Encoding Info:    Redeclaring text symbol \textdiv (encoding TS1) on inpu
t line 194.
))
(/usr/share/texmf-dist/tex/latex/amsmath/amsmath.sty
Package: amsmath 2025/07/09 v2.17z AMS math features
\@mathmargin=\skip55

For additional information on amsmath, use the `?' option.
(/usr/share/texmf-dist/tex/latex/amsmath/amstext.sty
Package: amstext 2024/11/17 v2.01 AMS text

(/usr/share/texmf-dist/tex/latex/amsmath/amsgen.sty
File: amsgen.sty 1999/11/30 v2.0 generic functions
\@emptytoks=\toks20
\ex@=\dimen162
))
(/usr/share/texmf-dist/tex/latex/amsmath/amsbsy.sty
Package: amsbsy 1999/11/29 v1.2d Bold Symbols
\pmbraise@=\dimen163
)
(/usr/share/texmf-dist/tex/latex/amsmath/amsopn.sty
Package: amsopn 2022/04/08 v2.04 operator names
)
\inf@bad=\count299
LaTeX Info: Redefining \frac on input line 233.
\uproot@=\count300
\leftroot@=\count301
LaTeX Info: Redefining \overline on input line 398.
LaTeX Info: Redefining \colon on input line 409.
\classnum@=\count302
\DOTSCASE@=\count303
LaTeX Info: Redefining \ldots on input line 495.
LaTeX Info: Redefining \dots on input line 498.
LaTeX Info: Redefining \cdots on input line 619.
\Mathstrutbox@=\box53
\strutbox@=\box54
LaTeX Info: Redefining \big on input line 721.
LaTeX Info: Redefining \Big on input line 722.
LaTeX Info: Redefining \bigg on input line 723.
LaTeX Info: Redefining \Bigg on input line 724.
\big@size=\dimen164
LaTeX Font Info:    Redeclaring font encoding OML on input line 742.
LaTeX Font Info:    Redeclaring font encoding OMS on input line 743.
\macc@depth=\count304
LaTeX Info: Redefining \bmod on input line 904.
LaTeX Info: Redefining \pmod on input line 909.
LaTeX Info: Redefining \smash on input line 939.
LaTeX Info: Redefining \relbar on input line 969.
LaTeX Info: Redefining \Relbar on input line 970.
\c@MaxMatrixCols=\count305
\dotsspace@=\muskip17
\c@parentequation=\count306
\dspbrk@lvl=\count307
\tag@help=\toks21
\row@=\count308
\column@=\count309
\maxfields@=\count310
\andhelp@=\toks22
\eqnshift@=\dimen165
\alignsep@=\dimen166
\tagshift@=\dimen167
\tagwidth@=\dimen168
\totwidth@=\dimen169
\lineht@=\dimen170
\@envbody=\toks23
\multlinegap=\skip56
\multlinetaggap=\skip57
\mathdisplay@stack=\toks24
LaTeX Info: Redefining \[ on input line 2950.
LaTeX Info: Redefining \] on input line 2951.
)
\g__um_fam_int=\count311
\g__um_fonts_used_int=\count312
\l__um_primecount_int=\count313
\g__um_primekern_muskip=\muskip18

(/usr/share/texmf-dist/tex/latex/unicode-math/unicode-math-table.tex)))
(/usr/share/texmf-dist/tex/latex/kpfonts-otf/KpMath-Regular.fontspec)

Package fontspec Info: 
(fontspec)             Font family 'KpMath-Regular.otf(0)' created for font
(fontspec)             'KpMath-Regular.otf' with options [Extension =
(fontspec)             .otf,BoldFont =
(fontspec)             KpMath-Bold,BoldItalicFont={},ItalicFont={},SmallCapsFon
t={},Script=Math].
(fontspec)              
(fontspec)              This font family consists of the following NFSS
(fontspec)             series/shapes:
(fontspec)              
(fontspec)             - 'normal' (m/n) with NFSS spec.:
(fontspec)             <->"[KpMath-Regular.otf]/OT:script=math;language=dflt;"
(fontspec)             - 'bold' (b/n) with NFSS spec.:
(fontspec)             <->"[KpMath-Bold.otf]/OT:script=math;language=dflt;"


Package fontspec Info: 
(fontspec)             Font family 'KpMath-Regular.otf(1)' created for font
(fontspec)             'KpMath-Regular.otf' with options [Extension =
(fontspec)             .otf,BoldFont =
(fontspec)             KpMath-Bold,BoldItalicFont={},ItalicFont={},SmallCapsFon
t={},Script=Math,SizeFeatures={{Size=9.3075-},{Size=6.84375-9.3075,Font=KpMath-
Regular.otf,Style=MathScript},{Size=-6.84375,Font=KpMath-Regular.otf,Style=Math
ScriptScript}}].
(fontspec)              
(fontspec)              This font family consists of the following NFSS
(fontspec)             series/shapes:
(fontspec)              
(fontspec)             - 'normal' (m/n) with NFSS spec.:
(fontspec)             <9.3075->"[KpMath-Regular.otf]/OT:script=math;language=d
flt;"<6.84375-9.3075>"[KpMath-Regular.otf]/OT:script=math;language=dflt;+ssty=0
;"<-6.84375>"[KpMath-Regular.otf]/OT:script=math;language=dflt;+ssty=1;"
(fontspec)             - 'bold' (b/n) with NFSS spec.:
(fontspec)             <->"[KpMath-Bold.otf]/OT:script=math;language=dflt;"

LaTeX Font Info:    Encoding `OT1' has changed to `TU' for symbol font
(Font)              `operators' in the math version `normal' on input line 267.

LaTeX Font Info:    Overwriting symbol font `operators' in version `normal'
(Font)                  OT1/cmr/m/n --> TU/KpMath-Regular.otf(1)/m/n on input l
ine 267.
LaTeX Font Info:    Encoding `OT1' has changed to `TU' for symbol font
(Font)              `operators' in the math version `bold' on input line 267.
LaTeX Font Info:    Overwriting symbol font `operators' in version `bold'
(Font)                  OT1/cmr/bx/n --> TU/KpMath-Regular.otf(1)/b/n on input 
line 267.

Package fontspec Info: 
(fontspec)             KpMath-Regular scale = 1.0001.


Package fontspec Info: 
(fontspec)             KpMath-Regular scale = 1.0001.


Package fontspec Info: 
(fontspec)             KpMath-Regular scale = 1.0001.


Package fontspec Info: 
(fontspec)             KpMath-Regular scale = 1.0001.


Package fontspec Info: 
(fontspec)             KpMath-Bold scale = 1.0001.


Package fontspec Info: 
(fontspec)             Font family 'KpMath-Regular.otf(2)' created for font
(fontspec)             'KpMath-Regular.otf' with options [Extension =
(fontspec)             .otf,BoldFont =
(fontspec)             KpMath-Bold,BoldItalicFont={},ItalicFont={},SmallCapsFon
t={},Script=Math,SizeFeatures={{Size=9.3075-},{Size=6.84375-9.3075,Font=KpMath-
Regular.otf,Style=MathScript},{Size=-6.84375,Font=KpMath-Regular.otf,Style=Math
ScriptScript}},ScaleAgain=1.0001,FontAdjustment={\fontdimen
(fontspec)             8\font =7.41315pt\relax \fontdimen 9\font
(fontspec)             =4.3143pt\relax \fontdimen 10\font =4.8618pt\relax
(fontspec)             \fontdimen 11\font =7.5117pt\relax \fontdimen 12\font
(fontspec)             =3.77776pt\relax \fontdimen 13\font =4.9275pt\relax
(fontspec)             \fontdimen 14\font =4.9275pt\relax \fontdimen 15\font
(fontspec)             =3.504pt\relax \fontdimen 16\font =2.2995pt\relax
(fontspec)             \fontdimen 17\font =2.2995pt\relax \fontdimen 18\font
(fontspec)             =2.5185pt\relax \fontdimen 19\font =1.095pt\relax
(fontspec)             \fontdimen 22\font =2.7375pt\relax \fontdimen 20\font
(fontspec)             =0pt\relax \fontdimen 21\font =0pt\relax }].
(fontspec)              
(fontspec)              This font family consists of the following NFSS
(fontspec)             series/shapes:
(fontspec)              
(fontspec)             - 'normal' (m/n) with NFSS spec.:
(fontspec)             <9.3075->s*[1.0001]"[KpMath-Regular.otf]/OT:script=math;
language=dflt;"<6.84375-9.3075>s*[1.0001]"[KpMath-Regular.otf]/OT:script=math;l
anguage=dflt;+ssty=0;"<-6.84375>s*[1.0001]"[KpMath-Regular.otf]/OT:script=math;
language=dflt;+ssty=1;"
(fontspec)             - 'bold' (b/n) with NFSS spec.:
(fontspec)             <->s*[1.0001]"[KpMath-Bold.otf]/OT:script=math;language=
dflt;"

LaTeX Font Info:    Encoding `OMS' has changed to `TU' for symbol font
(Font)              `symbols' in the math version `normal' on input line 267.
LaTeX Font Info:    Overwriting symbol font `symbols' in version `normal'
(Font)                  OMS/cmsy/m/n --> TU/KpMath-Regular.otf(2)/m/n on input 
line 267.
LaTeX Font Info:    Encoding `OMS' has changed to `TU' for symbol font
(Font)              `symbols' in the math version `bold' on input line 267.
LaTeX Font Info:    Overwriting symbol font `symbols' in version `bold'
(Font)                  OMS/cmsy/b/n --> TU/KpMath-Regular.otf(2)/b/n on input 
line 267.

Package fontspec Info: 
(fontspec)             KpMath-Regular scale = 0.9999.


Package fontspec Info: 
(fontspec)             KpMath-Regular scale = 0.9999.


Package fontspec Info: 
(fontspec)             KpMath-Regular scale = 0.9999.


Package fontspec Info: 
(fontspec)             KpMath-Regular scale = 0.9999.


Package fontspec Info: 
(fontspec)             KpMath-Bold scale = 0.9999.


Package fontspec Info: 
(fontspec)             Font family 'KpMath-Regular.otf(3)' created for font
(fontspec)             'KpMath-Regular.otf' with options [Extension =
(fontspec)             .otf,BoldFont =
(fontspec)             KpMath-Bold,BoldItalicFont={},ItalicFont={},SmallCapsFon
t={},Script=Math,SizeFeatures={{Size=9.3075-},{Size=6.84375-9.3075,Font=KpMath-
Regular.otf,Style=MathScript},{Size=-6.84375,Font=KpMath-Regular.otf,Style=Math
ScriptScript}},ScaleAgain=0.9999,FontAdjustment={\fontdimen
(fontspec)             8\font =0.5475pt\relax \fontdimen 9\font
(fontspec)             =1.21545pt\relax \fontdimen 10\font =1.82864pt\relax
(fontspec)             \fontdimen 11\font =2.19pt\relax \fontdimen 12\font
(fontspec)             =6.56999pt\relax \fontdimen 13\font =0pt\relax }].
(fontspec)              
(fontspec)              This font family consists of the following NFSS
(fontspec)             series/shapes:
(fontspec)              
(fontspec)             - 'normal' (m/n) with NFSS spec.:
(fontspec)             <9.3075->s*[0.9999]"[KpMath-Regular.otf]/OT:script=math;
language=dflt;"<6.84375-9.3075>s*[0.9999]"[KpMath-Regular.otf]/OT:script=math;l
anguage=dflt;+ssty=0;"<-6.84375>s*[0.9999]"[KpMath-Regular.otf]/OT:script=math;
language=dflt;+ssty=1;"
(fontspec)             - 'bold' (b/n) with NFSS spec.:
(fontspec)             <->s*[0.9999]"[KpMath-Bold.otf]/OT:script=math;language=
dflt;"

LaTeX Font Info:    Encoding `OMX' has changed to `TU' for symbol font
(Font)              `largesymbols' in the math version `normal' on input line 2
67.
LaTeX Font Info:    Overwriting symbol font `largesymbols' in version `normal'
(Font)                  OMX/cmex/m/n --> TU/KpMath-Regular.otf(3)/m/n on input 
line 267.
LaTeX Font Info:    Encoding `OMX' has changed to `TU' for symbol font
(Font)              `largesymbols' in the math version `bold' on input line 267
.
LaTeX Font Info:    Overwriting symbol font `largesymbols' in version `bold'
(Font)                  OMX/cmex/m/n --> TU/KpMath-Regular.otf(3)/b/n on input 
line 267.

Package fontspec Info: 
(fontspec)             Font family 'KpMath-Regular.otf(4)' created for font
(fontspec)             'KpMath-Regular.otf' with options [Extension =
(fontspec)             .otf,BoldFont =
(fontspec)             KpMath-Bold,BoldItalicFont={},ItalicFont={},SmallCapsFon
t={},Script=Math,SizeFeatures={{Size=9.3075-},{Size=6.84375-9.3075,Font=KpMath-
Regular.otf,Style=MathScript},{Size=-6.84375,Font=KpMath-Regular.otf,Style=Math
ScriptScript}},RawFeature={+ss01}].
(fontspec)              
(fontspec)              This font family consists of the following NFSS
(fontspec)             series/shapes:
(fontspec)              
(fontspec)             - 'normal' (m/n) with NFSS spec.:
(fontspec)             <9.3075->"[KpMath-Regular.otf]/OT:script=math;language=d
flt;+ss01;"<6.84375-9.3075>"[KpMath-Regular.otf]/OT:script=math;language=dflt;+
ss01;+ssty=0;"<-6.84375>"[KpMath-Regular.otf]/OT:script=math;language=dflt;+ss0
1;+ssty=1;"
(fontspec)             - 'bold' (b/n) with NFSS spec.:
(fontspec)             <->"[KpMath-Bold.otf]/OT:script=math;language=dflt;+ss01
;"

\sym__um_fam1=\mathgroup4
LaTeX Font Info:    Overwriting symbol font `__um_fam1' in version `normal'
(Font)                  TU/KpMath-Regular.otf(4)/m/n --> TU/KpMath-Regular.otf(
4)/m/n on input line 268.
LaTeX Font Info:    Overwriting symbol font `__um_fam1' in version `bold'
(Font)                  TU/KpMath-Regular.otf(4)/m/n --> TU/KpMath-Regular.otf(
4)/b/n on input line 268.
))

Package fontspec Info: 
(fontspec)             Font family 'Georgia(0)' created for font 'Georgia'
(fontspec)             with options [Ligatures=TeX].
(fontspec)              
(fontspec)              This font family consists of the following NFSS
(fontspec)             series/shapes:
(fontspec)              
(fontspec)             - 'normal' (m/n) with NFSS spec.:
(fontspec)             <->"Georgia/OT:language=dflt;mapping=tex-text;"
(fontspec)             - 'bold' (b/n) with NFSS spec.:
(fontspec)             <->"Georgia/B/OT:language=dflt;mapping=tex-text;"
(fontspec)             - 'italic' (m/it) with NFSS spec.:
(fontspec)             <->"Georgia/I/OT:language=dflt;mapping=tex-text;"
(fontspec)             - 'bold italic' (b/it) with NFSS spec.:
(fontspec)             <->"Georgia/BI/OT:language=dflt;mapping=tex-text;"


Package fontspec Info: 
(fontspec)             Font family 'Georgia(1)' created for font 'Georgia'
(fontspec)             with options [].
(fontspec)              
(fontspec)              This font family consists of the following NFSS
(fontspec)             series/shapes:
(fontspec)              
(fontspec)             - 'normal' (m/n) with NFSS spec.:
(fontspec)             <->"Georgia/OT:language=dflt;"
(fontspec)             - 'bold' (b/n) with NFSS spec.:
(fontspec)             <->"Georgia/B/OT:language=dflt;"
(fontspec)             - 'italic' (m/it) with NFSS spec.:
(fontspec)             <->"Georgia/I/OT:language=dflt;"
(fontspec)             - 'bold italic' (b/it) with NFSS spec.:
(fontspec)             <->"Georgia/BI/OT:language=dflt;"

LaTeX Font Info:    Overwriting math alphabet `\mathrm' in version `normal'
(Font)                  TU/KpMath-Regular.otf(1)/m/n --> TU/Georgia(1)/m/n on i
nput line 41.
LaTeX Font Info:    Overwriting math alphabet `\mathit' in version `normal'
(Font)                  OT1/cmr/m/it --> TU/Georgia(1)/m/it on input line 41.
LaTeX Font Info:    Overwriting math alphabet `\mathbf' in version `normal'
(Font)                  OT1/cmr/bx/n --> TU/Georgia(1)/b/n on input line 41.

Package fontspec Info: 
(fontspec)             Font family 'TrebuchetMS(0)' created for font
(fontspec)             'Trebuchet MS' with options
(fontspec)             [Ligatures=TeX,SmallCapsFeatures =
(fontspec)             {Letters=PetiteCaps}].
(fontspec)              
(fontspec)              This font family consists of the following NFSS
(fontspec)             series/shapes:
(fontspec)              
(fontspec)             - 'normal' (m/n) with NFSS spec.: <->"Trebuchet
(fontspec)             MS/OT:language=dflt;mapping=tex-text;"
(fontspec)             - 'bold' (b/n) with NFSS spec.: <->"Trebuchet
(fontspec)             MS/B/OT:language=dflt;mapping=tex-text;"
(fontspec)             - 'italic' (m/it) with NFSS spec.: <->"Trebuchet
(fontspec)             MS/I/OT:language=dflt;mapping=tex-text;"
(fontspec)             - 'bold italic' (b/it) with NFSS spec.: <->"Trebuchet
(fontspec)             MS/BI/OT:language=dflt;mapping=tex-text;"


Package fontspec Info: 
(fontspec)             Font family 'TrebuchetMS(1)' created for font
(fontspec)             'Trebuchet MS' with options [].
(fontspec)              
(fontspec)              This font family consists of the following NFSS
(fontspec)             series/shapes:
(fontspec)              
(fontspec)             - 'normal' (m/n) with NFSS spec.: <->"Trebuchet
(fontspec)             MS/OT:language=dflt;"
(fontspec)             - 'bold' (b/n) with NFSS spec.: <->"Trebuchet
(fontspec)             MS/B/OT:language=dflt;"
(fontspec)             - 'italic' (m/it) with NFSS spec.: <->"Trebuchet
(fontspec)             MS/I/OT:language=dflt;"
(fontspec)             - 'bold italic' (b/it) with NFSS spec.: <->"Trebuchet
(fontspec)             MS/BI/OT:language=dflt;"

LaTeX Font Info:    Overwriting math alphabet `\mathsf' in version `normal'
(Font)                  OT1/cmss/m/n --> TU/TrebuchetMS(1)/m/n on input line 42
.
LaTeX Font Info:    Overwriting math alphabet `\mathsf' in version `bold'
(Font)                  OT1/cmss/bx/n --> TU/TrebuchetMS(1)/b/n on input line 4
2.

Package fontspec Info: 
(fontspec)             Could not resolve font "Inconsolata/I" (it probably
(fontspec)             doesn't exist).


Package fontspec Info: 
(fontspec)             Font family 'Inconsolata(0)' created for font
(fontspec)             'Inconsolata' with options
(fontspec)             [WordSpace={1,0,0},HyphenChar=None,PunctuationSpace=Word
Space].
(fontspec)              
(fontspec)              This font family consists of the following NFSS
(fontspec)             series/shapes:
(fontspec)              
(fontspec)             - 'normal' (m/n) with NFSS spec.:
(fontspec)             <->"Inconsolata/OT:script=latn;language=dflt;"
(fontspec)             - 'bold' (b/n) with NFSS spec.:
(fontspec)             <->"Inconsolata/B/OT:script=latn;language=dflt;"
(fontspec)             - 'bold italic' (b/it) with NFSS spec.:
(fontspec)             <->"Inconsolata/BI/OT:script=latn;language=dflt;"


Package fontspec Info: 
(fontspec)             Could not resolve font "Inconsolata/I" (it probably
(fontspec)             doesn't exist).


Package fontspec Info: 
(fontspec)             Font family 'Inconsolata(1)' created for font
(fontspec)             'Inconsolata' with options [].
(fontspec)              
(fontspec)              This font family consists of the following NFSS
(fontspec)             series/shapes:
(fontspec)              
(fontspec)             - 'normal' (m/n) with NFSS spec.:
(fontspec)             <->"Inconsolata/OT:script=latn;language=dflt;"
(fontspec)             - 'bold' (b/n) with NFSS spec.:
(fontspec)             <->"Inconsolata/B/OT:script=latn;language=dflt;"
(fontspec)             - 'bold italic' (b/it) with NFSS spec.:
(fontspec)             <->"Inconsolata/BI/OT:script=latn;language=dflt;"

LaTeX Font Info:    Overwriting math alphabet `\mathtt' in version `normal'
(Font)                  OT1/cmtt/m/n --> TU/Inconsolata(1)/m/n on input line 43
.
LaTeX Font Info:    Overwriting math alphabet `\mathtt' in version `bold'
(Font)                  OT1/cmtt/m/n --> TU/Inconsolata(1)/b/n on input line 43
.

(/usr/share/texmf-dist/tex/latex/amsfonts/amsfonts.sty
Package: amsfonts 2013/01/14 v3.01 Basic AMSFonts support
\symAMSa=\mathgroup5
\symAMSb=\mathgroup6
LaTeX Font Info:    Redeclaring math delimiter \ulcorner on input line 74.
LaTeX Font Info:    Redeclaring math delimiter \urcorner on input line 75.
LaTeX Font Info:    Redeclaring math delimiter \llcorner on input line 76.
LaTeX Font Info:    Redeclaring math delimiter \lrcorner on input line 77.
LaTeX Font Info:    Redeclaring math symbol \hbar on input line 98.
)
(/usr/share/texmf-dist/tex/latex/xcolor/xcolor.sty
Package: xcolor 2024/09/29 v3.02 LaTeX color extensions (UK)

(/usr/share/texmf-dist/tex/latex/graphics-cfg/color.cfg
File: color.cfg 2016/01/02 v1.6 sample color configuration
)
Package xcolor Info: Driver file: xetex.def on input line 274.

(/usr/share/texmf-dist/tex/latex/graphics-def/xetex.def
File: xetex.def 2025/11/01 v5.0p Graphics/color driver for xetex
)
(/usr/share/texmf-dist/tex/latex/graphics/mathcolor.ltx)
Package xcolor Info: Model `cmy' substituted by `cmy0' on input line 1349.
Package xcolor Info: Model `RGB' extended on input line 1365.
Package xcolor Info: Model `HTML' substituted by `rgb' on input line 1367.
Package xcolor Info: Model `Hsb' substituted by `hsb' on input line 1368.
Package xcolor Info: Model `tHsb' substituted by `hsb' on input line 1369.
Package xcolor Info: Model `HSB' substituted by `hsb' on input line 1370.
Package xcolor Info: Model `Gray' substituted by `gray' on input line 1371.
Package xcolor Info: Model `wave' substituted by `hsb' on input line 1372.
)
(/usr/share/texmf-dist/tex/latex/graphics/graphicx.sty
Package: graphicx 2024/12/31 v1.2e Enhanced LaTeX Graphics (DPC,SPQR)

(/usr/share/texmf-dist/tex/latex/graphics/graphics.sty
Package: graphics 2024/08/06 v1.4g Standard LaTeX Graphics (DPC,SPQR)

(/usr/share/texmf-dist/tex/latex/graphics/trig.sty
Package: trig 2023/12/02 v1.11 sin cos tan (DPC)
)
(/usr/share/texmf-dist/tex/latex/graphics-cfg/graphics.cfg
File: graphics.cfg 2016/06/04 v1.11 sample graphics configuration
)
Package graphics Info: Driver file: xetex.def on input line 106.
)
\Gin@req@height=\dimen171
\Gin@req@width=\dimen172
)
(/usr/share/texmf-dist/tex/latex/pgf/frontendlayer/tikz.sty
(/usr/share/texmf-dist/tex/latex/pgf/basiclayer/pgf.sty
(/usr/share/texmf-dist/tex/latex/pgf/utilities/pgfrcs.sty
(/usr/share/texmf-dist/tex/generic/pgf/utilities/pgfutil-common.tex
\pgfutil@everybye=\toks25
\pgfutil@tempdima=\dimen173
\pgfutil@tempdimb=\dimen174
)
(/usr/share/texmf-dist/tex/generic/pgf/utilities/pgfutil-latex.def
\pgfutil@abb=\box55
)
(/usr/share/texmf-dist/tex/generic/pgf/utilities/pgfrcs.code.tex
(/usr/share/texmf-dist/tex/generic/pgf/pgf.revision.tex)
Package: pgfrcs 2025-08-29 v3.1.11a (3.1.11a)
))
Package: pgf 2025-08-29 v3.1.11a (3.1.11a)

(/usr/share/texmf-dist/tex/latex/pgf/basiclayer/pgfcore.sty
(/usr/share/texmf-dist/tex/latex/pgf/systemlayer/pgfsys.sty
(/usr/share/texmf-dist/tex/generic/pgf/systemlayer/pgfsys.code.tex
Package: pgfsys 2025-08-29 v3.1.11a (3.1.11a)

(/usr/share/texmf-dist/tex/generic/pgf/utilities/pgfkeys.code.tex
\pgfkeys@pathtoks=\toks26
\pgfkeys@temptoks=\toks27

(/usr/share/texmf-dist/tex/generic/pgf/utilities/pgfkeyslibraryfiltered.code.te
x
\pgfkeys@tmptoks=\toks28
))
\pgf@x=\dimen175
\pgf@y=\dimen176
\pgf@xa=\dimen177
\pgf@ya=\dimen178
\pgf@xb=\dimen179
\pgf@yb=\dimen180
\pgf@xc=\dimen181
\pgf@yc=\dimen182
\pgf@xd=\dimen183
\pgf@yd=\dimen184
\w@pgf@writea=\write3
\r@pgf@reada=\read3
\c@pgf@counta=\count314
\c@pgf@countb=\count315
\c@pgf@countc=\count316
\c@pgf@countd=\count317
\t@pgf@toka=\toks29
\t@pgf@tokb=\toks30
\t@pgf@tokc=\toks31
\pgf@sys@id@count=\count318
 (/usr/share/texmf-dist/tex/generic/pgf/systemlayer/pgf.cfg
File: pgf.cfg 2025-08-29 v3.1.11a (3.1.11a)
)
Driver file for pgf: pgfsys-xetex.def

(/usr/share/texmf-dist/tex/generic/pgf/systemlayer/pgfsys-xetex.def
File: pgfsys-xetex.def 2025-08-29 v3.1.11a (3.1.11a)

(/usr/share/texmf-dist/tex/generic/pgf/systemlayer/pgfsys-dvipdfmx.def
File: pgfsys-dvipdfmx.def 2025-08-29 v3.1.11a (3.1.11a)

(/usr/share/texmf-dist/tex/generic/pgf/systemlayer/pgfsys-common-pdf.def
File: pgfsys-common-pdf.def 2025-08-29 v3.1.11a (3.1.11a)
)
\pgfsys@objnum=\count319
)))
(/usr/share/texmf-dist/tex/generic/pgf/systemlayer/pgfsyssoftpath.code.tex
File: pgfsyssoftpath.code.tex 2025-08-29 v3.1.11a (3.1.11a)
\pgfsyssoftpath@smallbuffer@items=\count320
\pgfsyssoftpath@bigbuffer@items=\count321
)
(/usr/share/texmf-dist/tex/generic/pgf/systemlayer/pgfsysprotocol.code.tex
File: pgfsysprotocol.code.tex 2025-08-29 v3.1.11a (3.1.11a)
))
(/usr/share/texmf-dist/tex/generic/pgf/basiclayer/pgfcore.code.tex
Package: pgfcore 2025-08-29 v3.1.11a (3.1.11a)

(/usr/share/texmf-dist/tex/generic/pgf/math/pgfmath.code.tex
(/usr/share/texmf-dist/tex/generic/pgf/math/pgfmathutil.code.tex)
(/usr/share/texmf-dist/tex/generic/pgf/math/pgfmathparser.code.tex
\pgfmath@dimen=\dimen185
\pgfmath@count=\count322
\pgfmath@box=\box56
\pgfmath@toks=\toks32
\pgfmath@stack@operand=\toks33
\pgfmath@stack@operation=\toks34
)
(/usr/share/texmf-dist/tex/generic/pgf/math/pgfmathfunctions.code.tex)
(/usr/share/texmf-dist/tex/generic/pgf/math/pgfmathfunctions.basic.code.tex)
(/usr/share/texmf-dist/tex/generic/pgf/math/pgfmathfunctions.trigonometric.code
.tex)
(/usr/share/texmf-dist/tex/generic/pgf/math/pgfmathfunctions.random.code.tex)
(/usr/share/texmf-dist/tex/generic/pgf/math/pgfmathfunctions.comparison.code.te
x) (/usr/share/texmf-dist/tex/generic/pgf/math/pgfmathfunctions.base.code.tex)
(/usr/share/texmf-dist/tex/generic/pgf/math/pgfmathfunctions.round.code.tex)
(/usr/share/texmf-dist/tex/generic/pgf/math/pgfmathfunctions.misc.code.tex)
(/usr/share/texmf-dist/tex/generic/pgf/math/pgfmathfunctions.integerarithmetics
.code.tex) (/usr/share/texmf-dist/tex/generic/pgf/math/pgfmathcalc.code.tex)
(/usr/share/texmf-dist/tex/generic/pgf/math/pgfmathfloat.code.tex
\c@pgfmathroundto@lastzeros=\count323
))
(/usr/share/texmf-dist/tex/generic/pgf/math/pgfint.code.tex)
(/usr/share/texmf-dist/tex/generic/pgf/basiclayer/pgfcorepoints.code.tex
File: pgfcorepoints.code.tex 2025-08-29 v3.1.11a (3.1.11a)
\pgf@picminx=\dimen186
\pgf@picmaxx=\dimen187
\pgf@picminy=\dimen188
\pgf@picmaxy=\dimen189
\pgf@pathminx=\dimen190
\pgf@pathmaxx=\dimen191
\pgf@pathminy=\dimen192
\pgf@pathmaxy=\dimen193
\pgf@xx=\dimen194
\pgf@xy=\dimen195
\pgf@yx=\dimen196
\pgf@yy=\dimen197
\pgf@zx=\dimen198
\pgf@zy=\dimen199
)
(/usr/share/texmf-dist/tex/generic/pgf/basiclayer/pgfcorepathconstruct.code.tex
File: pgfcorepathconstruct.code.tex 2025-08-29 v3.1.11a (3.1.11a)
\pgf@path@lastx=\dimen256
\pgf@path@lasty=\dimen257
) (/usr/share/texmf-dist/tex/generic/pgf/basiclayer/pgfcorepathusage.code.tex
File: pgfcorepathusage.code.tex 2025-08-29 v3.1.11a (3.1.11a)
\pgf@shorten@end@additional=\dimen258
\pgf@shorten@start@additional=\dimen259
)
(/usr/share/texmf-dist/tex/generic/pgf/basiclayer/pgfcorescopes.code.tex
File: pgfcorescopes.code.tex 2025-08-29 v3.1.11a (3.1.11a)
\pgfpic=\box57
\pgf@hbox=\box58
\pgf@layerbox@main=\box59
\pgf@picture@serial@count=\count324
)
(/usr/share/texmf-dist/tex/generic/pgf/basiclayer/pgfcoregraphicstate.code.tex
File: pgfcoregraphicstate.code.tex 2025-08-29 v3.1.11a (3.1.11a)
\pgflinewidth=\dimen260
)
(/usr/share/texmf-dist/tex/generic/pgf/basiclayer/pgfcoretransformations.code.t
ex
File: pgfcoretransformations.code.tex 2025-08-29 v3.1.11a (3.1.11a)
\pgf@pt@x=\dimen261
\pgf@pt@y=\dimen262
\pgf@pt@temp=\dimen263
) (/usr/share/texmf-dist/tex/generic/pgf/basiclayer/pgfcorequick.code.tex
File: pgfcorequick.code.tex 2025-08-29 v3.1.11a (3.1.11a)
)
(/usr/share/texmf-dist/tex/generic/pgf/basiclayer/pgfcoreobjects.code.tex
File: pgfcoreobjects.code.tex 2025-08-29 v3.1.11a (3.1.11a)
)
(/usr/share/texmf-dist/tex/generic/pgf/basiclayer/pgfcorepathprocessing.code.te
x
File: pgfcorepathprocessing.code.tex 2025-08-29 v3.1.11a (3.1.11a)
) (/usr/share/texmf-dist/tex/generic/pgf/basiclayer/pgfcorearrows.code.tex
File: pgfcorearrows.code.tex 2025-08-29 v3.1.11a (3.1.11a)
\pgfarrowsep=\dimen264
)
(/usr/share/texmf-dist/tex/generic/pgf/basiclayer/pgfcoreshade.code.tex
File: pgfcoreshade.code.tex 2025-08-29 v3.1.11a (3.1.11a)
\pgf@max=\dimen265
\pgf@sys@shading@range@num=\count325
\pgf@shadingcount=\count326
)
(/usr/share/texmf-dist/tex/generic/pgf/basiclayer/pgfcoreimage.code.tex
File: pgfcoreimage.code.tex 2025-08-29 v3.1.11a (3.1.11a)
)
(/usr/share/texmf-dist/tex/generic/pgf/basiclayer/pgfcoreexternal.code.tex
File: pgfcoreexternal.code.tex 2025-08-29 v3.1.11a (3.1.11a)
\pgfexternal@startupbox=\box60
)
(/usr/share/texmf-dist/tex/generic/pgf/basiclayer/pgfcorelayers.code.tex
File: pgfcorelayers.code.tex 2025-08-29 v3.1.11a (3.1.11a)
)
(/usr/share/texmf-dist/tex/generic/pgf/basiclayer/pgfcoretransparency.code.tex
File: pgfcoretransparency.code.tex 2025-08-29 v3.1.11a (3.1.11a)
) (/usr/share/texmf-dist/tex/generic/pgf/basiclayer/pgfcorepatterns.code.tex
File: pgfcorepatterns.code.tex 2025-08-29 v3.1.11a (3.1.11a)
)
(/usr/share/texmf-dist/tex/generic/pgf/basiclayer/pgfcorerdf.code.tex
File: pgfcorerdf.code.tex 2025-08-29 v3.1.11a (3.1.11a)
)))
(/usr/share/texmf-dist/tex/generic/pgf/modules/pgfmoduleshapes.code.tex
File: pgfmoduleshapes.code.tex 2025-08-29 v3.1.11a (3.1.11a)
\pgfnodeparttextbox=\box61
)
(/usr/share/texmf-dist/tex/generic/pgf/modules/pgfmoduleplot.code.tex
File: pgfmoduleplot.code.tex 2025-08-29 v3.1.11a (3.1.11a)
)
(/usr/share/texmf-dist/tex/latex/pgf/compatibility/pgfcomp-version-0-65.sty
Package: pgfcomp-version-0-65 2025-08-29 v3.1.11a (3.1.11a)
\pgf@nodesepstart=\dimen266
\pgf@nodesepend=\dimen267
)
(/usr/share/texmf-dist/tex/latex/pgf/compatibility/pgfcomp-version-1-18.sty
Package: pgfcomp-version-1-18 2025-08-29 v3.1.11a (3.1.11a)
))
(/usr/share/texmf-dist/tex/latex/pgf/utilities/pgffor.sty
(/usr/share/texmf-dist/tex/latex/pgf/utilities/pgfkeys.sty
(/usr/share/texmf-dist/tex/generic/pgf/utilities/pgfkeys.code.tex))
(/usr/share/texmf-dist/tex/latex/pgf/math/pgfmath.sty
(/usr/share/texmf-dist/tex/generic/pgf/math/pgfmath.code.tex))
(/usr/share/texmf-dist/tex/generic/pgf/utilities/pgffor.code.tex
Package: pgffor 2025-08-29 v3.1.11a (3.1.11a)
\pgffor@iter=\dimen268
\pgffor@skip=\dimen269
\pgffor@stack=\toks35
\pgffor@toks=\toks36
))
(/usr/share/texmf-dist/tex/generic/pgf/frontendlayer/tikz/tikz.code.tex
Package: tikz 2025-08-29 v3.1.11a (3.1.11a)

(/usr/share/texmf-dist/tex/generic/pgf/libraries/pgflibraryplothandlers.code.te
x
File: pgflibraryplothandlers.code.tex 2025-08-29 v3.1.11a (3.1.11a)
\pgf@plot@mark@count=\count327
\pgfplotmarksize=\dimen270
)
\tikz@lastx=\dimen271
\tikz@lasty=\dimen272
\tikz@lastxsaved=\dimen273
\tikz@lastysaved=\dimen274
\tikz@lastmovetox=\dimen275
\tikz@lastmovetoy=\dimen276
\tikzleveldistance=\dimen277
\tikzsiblingdistance=\dimen278
\tikz@figbox=\box62
\tikz@figbox@bg=\box63
\tikz@tempbox=\box64
\tikz@tempbox@bg=\box65
\tikztreelevel=\count328
\tikznumberofchildren=\count329
\tikznumberofcurrentchild=\count330
\tikz@fig@count=\count331
 (/usr/share/texmf-dist/tex/generic/pgf/modules/pgfmodulematrix.code.tex
File: pgfmodulematrix.code.tex 2025-08-29 v3.1.11a (3.1.11a)
\pgfmatrixcurrentrow=\count332
\pgfmatrixcurrentcolumn=\count333
\pgf@matrix@numberofcolumns=\count334
)
\tikz@expandcount=\count335

(/usr/share/texmf-dist/tex/generic/pgf/frontendlayer/tikz/libraries/tikzlibrary
topaths.code.tex
File: tikzlibrarytopaths.code.tex 2025-08-29 v3.1.11a (3.1.11a)
))) (/usr/share/texmf-dist/tex/latex/background/background.sty
Package: background 2014/03/04 v2.1 background material

(/usr/share/texmf-dist/tex/latex/xkeyval/xkeyval.sty
Package: xkeyval 2025/11/04 v2.10 package option processing (HA)

(/usr/share/texmf-dist/tex/generic/xkeyval/xkeyval.tex
(/usr/share/texmf-dist/tex/generic/xkeyval/xkvutils.tex
\XKV@toks=\toks37
\XKV@tempa@toks=\toks38
\XKV@tempb@toks=\toks39
)
\XKV@depth=\count336
File: xkeyval.tex 2014/12/03 v2.7a key=value parser (HA)
))
(/usr/share/texmf-dist/tex/latex/everypage/everypage.sty
Package: everypage 2020/10/17 R2.0b Hooks to run on every page


Package everypage Warning: Functionality similar to this package has recently
(everypage)                been implemented in LaTeX. This package is now in
(everypage)                legacy status.
(everypage)                Please, don't use it in new documents and packages.


Package everypage Warning: You appear to be running a version of LaTeX
(everypage)                providing the new functionality.
(everypage)                Doing the best to deliver the original `everypage`
(everypage)                interface on top of it. Strict equivalence is
(everypage)                not possible, breakage may occur.
(everypage)                If truly needed, Use `everypage-1x` to force the
(everypage)                loading of an older code base.

) (/usr/share/texmf-dist/tex/latex/tools/afterpage.sty
Package: afterpage 2023/07/04 v1.08 After-Page Package (DPC)
\AP@output=\toks40
\AP@partial=\box66
\AP@footins=\box67
))
(/usr/share/texmf-dist/tex/latex/wrapfig/wrapfig.sty
\wrapoverhang=\dimen279
\WF@size=\dimen280
\c@WF@wrappedlines=\count337
\WF@box=\box68
\WF@everypar=\toks41
Package: wrapfig 2003/01/31  v 3.6
)
(/usr/share/texmf-dist/tex/latex/fancyhdr/fancyhdr.sty
Package: fancyhdr 2025/02/07 v5.2 Extensive control of page headers and footers

\f@nch@headwidth=\skip58
\f@nch@offset@elh=\skip59
\f@nch@offset@erh=\skip60
\f@nch@offset@olh=\skip61
\f@nch@offset@orh=\skip62
\f@nch@offset@elf=\skip63
\f@nch@offset@erf=\skip64
\f@nch@offset@olf=\skip65
\f@nch@offset@orf=\skip66
\f@nch@height=\skip67
\f@nch@footalignment=\skip68
\f@nch@widthL=\skip69
\f@nch@widthC=\skip70
\f@nch@widthR=\skip71
\@temptokenb=\toks42
)
(/usr/share/texmf-dist/tex/latex/sectsty/sectsty.sty
Package: sectsty 2002/02/25 v2.0.2 Commands to change all sectional heading sty
les


LaTeX Warning: Command \underbar  has changed.
               Check if current package is valid.


LaTeX Warning: Command \underline  has changed.
               Check if current package is valid.

) (/usr/share/texmf-dist/tex/latex/listings/listings.sty
\lst@mode=\count338
\lst@gtempboxa=\box69
\lst@token=\toks43
\lst@length=\count339
\lst@currlwidth=\dimen281
\lst@column=\count340
\lst@pos=\count341
\lst@lostspace=\dimen282
\lst@width=\dimen283
\lst@newlines=\count342
\lst@lineno=\count343
\lst@maxwidth=\dimen284

(/usr/share/texmf-dist/tex/latex/listings/lstpatch.sty
File: lstpatch.sty 2025/11/14 1.11b (Carsten Heinz)
)
(/usr/share/texmf-dist/tex/latex/listings/lstmisc.sty
File: lstmisc.sty 2025/11/14 1.11b (Carsten Heinz)
\c@lstnumber=\count344
\lst@skipnumbers=\count345
\lst@framebox=\box70
)
(/usr/share/texmf-dist/tex/latex/listings/listings.cfg
File: listings.cfg 2025/11/14 1.11b listings configuration
))
Package: listings 2025/11/14 1.11b (Carsten Heinz)

==> First Aid for listings.sty no longer applied!
    Expected:
        2024/09/23 1.10c (Carsten Heinz)
    but found:
        2025/11/14 1.11b (Carsten Heinz)
    so I'm assuming it got fixed.
(/usr/share/texmf-dist/tex/latex/listings/lstlang1.sty
File: lstlang1.sty 2025/11/14 1.11b listings language file
)
(/usr/share/texmf-dist/tex/latex/algorithm2e/algorithm2e.sty
Invalid UTF-8 byte or sequence at line 284 replaced by U+FFFD.
Invalid UTF-8 byte or sequence at line 299 replaced by U+FFFD.
Invalid UTF-8 byte or sequence at line 550 replaced by U+FFFD.
Package: algorithm2e 2017/07/18 v5.2 algorithms environments
\c@AlgoLine=\count346

(/usr/share/texmf-dist/tex/latex/base/ifthen.sty
Package: ifthen 2024/03/16 v1.1e Standard LaTeX ifthen package (DPC)
)
\algocf@hangindent=\skip72

(/usr/share/texmf-dist/tex/latex/ifoddpage/ifoddpage.sty
Package: ifoddpage 2022/10/18 v1.2 Conditionals for odd/even page detection
\c@checkoddpage=\count347
)
(/usr/share/texmf-dist/tex/latex/tools/xspace.sty
Package: xspace 2014/10/28 v1.13 Space after command names (DPC,MH)
)
(/usr/share/texmf-dist/tex/latex/relsize/relsize.sty
Package: relsize 2013/03/29 ver 4.1
)
\skiptotal=\skip73
\skiplinenumber=\skip74
\skiprule=\skip75
\skiphlne=\skip76
\skiptext=\skip77
\skiplength=\skip78
\algomargin=\skip79
\skipalgocfslide=\skip80
\algowidth=\dimen285
\inoutsize=\dimen286
\inoutindent=\dimen287
\interspacetitleruled=\dimen288
\interspacealgoruled=\dimen289
\interspacetitleboxruled=\dimen290
\algocf@ruledwidth=\skip81
\algocf@inoutbox=\box71
\algocf@inputbox=\box72
\AlCapSkip=\skip82
\AlCapHSkip=\skip83
\algoskipindent=\skip84
\algocf@nlbox=\box73
\algocf@hangingbox=\box74
\algocf@untilbox=\box75
\algocf@skipuntil=\skip85
\algocf@capbox=\box76
\algocf@lcaptionbox=\skip86
\algoheightruledefault=\skip87
\algoheightrule=\skip88
\algotitleheightruledefault=\skip89
\algotitleheightrule=\skip90
\c@algocfline=\count348
\c@algocfproc=\count349
\c@algocf=\count350
\algocf@algoframe=\box77
\algocf@algobox=\box78
)
(/usr/share/texmf-dist/tex/latex/minitoc/minitoc.sty
Package: minitoc 2018/07/12 v62 Package minitoc

(/usr/share/texmf-dist/tex/latex/minitoc/mtcmess.sty
Package: mtcmess 2006/03/14
)
Package minitoc Info: I0001
(minitoc)             *** minitoc package, version 62 ***.
\tf@mtc=\write4
\mtcindent=\skip91
\mtcskipamount=\skip92
Package minitoc Info: I0005
(minitoc)             compatible with hyperref.
Package minitoc Info: I0023
(minitoc)             part level macros available.
Package minitoc Info: I0003
(minitoc)             chapter level macros available.
\mtc@toks=\toks44
\mtc@strutbox=\box79
\mtc@hstrutbox=\box80
Package minitoc Info: I0002
(minitoc)             Autoconfiguration of extensions.
\openout4 = `Main.mtc0'.

\openout4 = `Main.mtc'.

 (./Main.mtc0)
Package minitoc Info: I0012
(minitoc)             Long extensions (Unix-like) will be used.
Package minitoc Info: I0031
(minitoc)             ==> this version is configured for UNIX-like 
(minitoc)                 (long extensions) file names.
\openout4 = `Main.mtc'.

\openout4 = `Main.mtc0'.

\c@mtc=\count351
\c@minitocdepth=\count352
\c@ptc=\count353
\c@parttocdepth=\count354
\ptcindent=\skip93
Package minitoc Info: I0010
(minitoc)             The english language is selected.
(minitoc)              on input line 4910.

(/usr/share/texmf-dist/tex/latex/minitoc/english.mld
File: english.mld 2006/01/13
)
(/usr/share/texmf-dist/tex/latex/minitoc/english.mld
File: english.mld 2006/01/13
))
Package minitoc Info: I0024
(minitoc)             PREPARING MINITOCS FROM Main.toc on input line 165.
Package minitoc Info: I0033
(minitoc)             Writing Main.mtc1.
\openout4 = `Main.mtc1'.


(/usr/share/texmf-dist/tex/latex/titlesec/titletoc.sty
Package: titletoc 2025/01/04 v2.17 TOC entries
\ttl@leftsep=\dimen291
)
(/usr/share/texmf-dist/tex/latex/amscls/amsthm.sty
Package: amsthm 2020/05/29 v2.20.6
\thm@style=\toks45
\thm@bodyfont=\toks46
\thm@headfont=\toks47
\thm@notefont=\toks48
\thm@headpunct=\toks49
\thm@preskip=\skip94
\thm@postskip=\skip95
\thm@headsep=\skip96
\dth@everypar=\toks50
)
\c@envdefinition=\count355
\c@envtheorem=\count356
\c@envlemma=\count357
\c@envexercise=\count358
\c@envproblem=\count359
\c@envprogramming=\count360
\c@envexample=\count361

(/usr/share/texmf-dist/tex/latex/base/makeidx.sty
Package: makeidx 2021/10/04 v1.0m Standard LaTeX package
)
\@indexfile=\write5
\openout5 = `Main.idx'.


Writing index file Main.idx
(/usr/share/texmf-dist/tex/latex/algorithmicx/algpseudocode.sty
Package: algpseudocode 

(/usr/share/texmf-dist/tex/latex/algorithmicx/algorithmicx.sty
Package: algorithmicx 2005/04/27 v1.2 Algorithmicx

Document Style algorithmicx 1.2 - a greatly improved `algorithmic' style
\c@ALG@line=\count362
\c@ALG@rem=\count363
\c@ALG@nested=\count364
\ALG@tlm=\skip97
\ALG@thistlm=\skip98
\c@ALG@Lnr=\count365
\c@ALG@blocknr=\count366
\c@ALG@storecount=\count367
\c@ALG@tmpcounter=\count368
\ALG@tmplength=\skip99
)
Document Style - pseudocode environments for use with the `algorithmicx' style
) (/usr/share/texmf-dist/tex/latex/xfrac/xfrac.sty
Package: xfrac 2024-06-04 Split-level fractions
\l__xfrac_slash_box=\box81
\l__xfrac_tmp_box=\box82
\l__xfrac_denominator_bot_sep_dim=\dimen292
\l__xfrac_numerator_bot_sep_dim=\dimen293
\l__xfrac_numerator_top_sep_dim=\dimen294
\l__xfrac_slash_left_sep_dim=\dimen295
\l__xfrac_slash_right_sep_dim=\dimen296
\l__xfrac_slash_left_muskip=\muskip19
\l__xfrac_slash_right_muskip=\muskip20

LaTeX template Info: Declaring template type 'xfrac' taking 3 argument(s) on
(template)           line 100.


LaTeX template Info: Declaring instance 'cmr' of type xfrac on line 392.


LaTeX template Info: Declaring instance 'cmss' of type xfrac on line 392.


LaTeX template Info: Declaring instance 'cmtt' of type xfrac on line 392.

)
(/usr/share/texmf-dist/tex/latex/mathtools/mathtools.sty
Package: mathtools 2024/10/04 v1.31 mathematical typesetting tools

(/usr/share/texmf-dist/tex/latex/tools/calc.sty
Package: calc 2025/03/01 v4.3b Infix arithmetic (KKT,FJ)
\calc@Acount=\count369
\calc@Bcount=\count370
\calc@Adimen=\dimen297
\calc@Bdimen=\dimen298
\calc@Askip=\skip100
\calc@Bskip=\skip101
LaTeX Info: Redefining \setlength on input line 86.
LaTeX Info: Redefining \addtolength on input line 87.
\calc@Ccount=\count371
\calc@Cskip=\skip102
)
(/usr/share/texmf-dist/tex/latex/mathtools/mhsetup.sty
Package: mhsetup 2021/03/18 v1.4 programming setup (MH)
)

Package mathtools Warning: For best results, please load mathtools *before* 
(mathtools)                unicode-math on input line 127.

\g_MT_multlinerow_int=\count372
\l_MT_multwidth_dim=\dimen299
\origjot=\skip103
\l_MT_shortvdotswithinadjustabove_dim=\dimen300
\l_MT_shortvdotswithinadjustbelow_dim=\dimen301
\l_MT_above_intertext_sep=\dimen302
\l_MT_below_intertext_sep=\dimen303
\l_MT_above_shortintertext_sep=\dimen304
\l_MT_below_shortintertext_sep=\dimen305
\xmathstrut@box=\box83
\xmathstrut@dim=\dimen306
) (/usr/share/texmf-dist/tex/latex/wasysym/wasysym.sty
Package: wasysym 2020/01/19 v2.4 Wasy-2 symbol support package
\symwasy=\mathgroup7
LaTeX Font Info:    Overwriting symbol font `wasy' in version `bold'
(Font)                  U/wasy/m/n --> U/wasy/b/n on input line 93.
)
(/usr/share/texmf-dist/tex/latex/siunitx/siunitx.sty
Package: siunitx 2025-07-09 v3.4.14 A comprehensive (SI) units package
\l__siunitx_number_uncert_offset_int=\count373
\l__siunitx_number_exponent_fixed_int=\count374
\l__siunitx_number_min_decimal_int=\count375
\l__siunitx_number_min_integer_int=\count376
\l__siunitx_number_round_precision_int=\count377
\l__siunitx_number_lower_threshold_int=\count378
\l__siunitx_number_upper_threshold_int=\count379
\l__siunitx_number_group_first_int=\count380
\l__siunitx_number_group_size_int=\count381
\l__siunitx_number_group_minimum_int=\count382
\l__siunitx_angle_tmp_dim=\dimen307
\l__siunitx_angle_marker_box=\box84
\l__siunitx_angle_unit_box=\box85
\l__siunitx_compound_count_int=\count383

(/usr/share/texmf-dist/tex/latex/translations/translations.sty
Package: translations 2022/02/05 v1.12 internationalization of LaTeX2e packages
 (CN)

(/usr/share/texmf-dist/tex/latex/etoolbox/etoolbox.sty
Package: etoolbox 2025/10/02 v2.5m e-TeX tools for LaTeX (JAW)
\etb@tempcnta=\count384
)
(/usr/share/texmf-dist/tex/generic/pdftexcmds/pdftexcmds.sty
Package: pdftexcmds 2020-06-27 v0.33 Utility functions of pdfTeX for LuaTeX (HO
)

(/usr/share/texmf-dist/tex/generic/infwarerr/infwarerr.sty
Package: infwarerr 2019/12/03 v1.5 Providing info/warning/error messages (HO)
)
(/usr/share/texmf-dist/tex/generic/ltxcmds/ltxcmds.sty
Package: ltxcmds 2023-12-04 v1.26 LaTeX kernel commands for general use (HO)
)
Package pdftexcmds Info: \pdf@primitive is available.
Package pdftexcmds Info: \pdf@ifprimitive is available.
Package pdftexcmds Info: \pdfdraftmode not found.
))
\l__siunitx_table_tmp_box=\box86
\l__siunitx_table_tmp_dim=\dimen308
\l__siunitx_table_column_width_dim=\dimen309
\l__siunitx_table_integer_box=\box87
\l__siunitx_table_decimal_box=\box88
\l__siunitx_table_uncert_box=\box89
\l__siunitx_table_before_box=\box90
\l__siunitx_table_after_box=\box91
\l__siunitx_table_before_dim=\dimen310
\l__siunitx_table_carry_dim=\dimen311
\l__siunitx_unit_tmp_int=\count385
\l__siunitx_unit_position_int=\count386
\l__siunitx_unit_total_int=\count387

(/usr/share/texmf-dist/tex/latex/tools/array.sty
Package: array 2025/09/25 v2.6n Tabular extension package (FMi)
\col@sep=\dimen312
\ar@mcellbox=\box92
\extrarowheight=\dimen313
\NC@list=\toks51
\extratabsurround=\skip104
\backup@length=\skip105
\ar@cellbox=\box93
))
(/usr/share/texmf-dist/tex/latex/tools/bm.sty
Package: bm 2025/10/21 v1.2g Bold Symbol Support (DPC/FMi)
\symboldoperators=\mathgroup8
\symboldletters=\mathgroup9
Package bm Info: No bold for \U/msa/m/n, using \pmb.
Package bm Info: No bold for \U/msb/m/n, using \pmb.
LaTeX Font Info:    Redeclaring math alphabet \mathbf on input line 149.
)
(/usr/share/texmf-dist/tex/latex/blindtext/blindtext.sty
Package: blindtext 2012/01/06 V2.0 blindtext-Package
\c@blindtext=\count388
\c@Blindtext=\count389
\c@blind@countparstart=\count390
\blind@countxx=\count391
\blindtext@numBlindtext=\count392
\blind@countyy=\count393
\c@blindlist=\count394
\c@blindlistlevel=\count395
\c@blindlist@level=\count396
\blind@listitem=\count397
\c@blind@listcount=\count398
\c@blind@levelcount=\count399
\blind@mathformula=\count400
\blind@Mathformula=\count401
\c@blind@randomcount=\count402
\c@blind@randommax=\count403
\c@blind@pangramcount=\count404
\c@blind@pangrammax=\count405
)
(/usr/share/texmf-dist/tex/latex/tcolorbox/tcolorbox.sty
Package: tcolorbox 2025/11/28 version 6.9.0 text color boxes

(/usr/share/texmf-dist/tex/latex/tools/verbatim.sty
Package: verbatim 2024-01-22 v1.5x LaTeX2e package for verbatim enhancements
\every@verbatim=\toks52
\verbatim@line=\toks53
\verbatim@in@stream=\read4
)
(/usr/share/texmf-dist/tex/latex/environ/environ.sty
Package: environ 2014/05/04 v0.3 A new way to define environments

(/usr/share/texmf-dist/tex/latex/trimspaces/trimspaces.sty
Package: trimspaces 2009/09/17 v1.1 Trim spaces around a token list
))
\tcb@titlebox=\box94
\tcb@upperbox=\box95
\tcb@lowerbox=\box96
\tcb@phantombox=\box97
\c@tcbbreakpart=\count406
\c@tcblayer=\count407
\c@tcolorbox@number=\count408
\l__tcobox_tmpa_box=\box98
\l__tcobox_tmpa_dim=\dimen314
\tcb@temp=\box99
\tcb@temp=\box100
\tcb@temp=\box101
\tcb@temp=\box102

(/usr/share/texmf-dist/tex/latex/tcolorbox/tcbraster.code.tex
Library (tcolorbox): 'tcbraster.code.tex' version '6.9.0'
\c@tcbrastercolumn=\count409
\c@tcbrasterrow=\count410
\c@tcbrasternum=\count411
\c@tcbraster=\count412
) (/usr/share/texmf-dist/tex/latex/tcolorbox/tcbskins.code.tex
Library (tcolorbox): 'tcbskins.code.tex' version '6.9.0'
(/usr/share/texmf-dist/tex/latex/tikzfill/tikzfill.image.sty
Package: tikzfill.image 2023/08/08 v1.0.1 Image filling library for TikZ

(/usr/share/texmf-dist/tex/latex/tikzfill/tikzfill-common.sty
Package: tikzfill-common 2023/08/08 v1.0.1 Auxiliary code for tikzfill
)
(/usr/share/texmf-dist/tex/latex/tikzfill/tikzlibraryfill.image.code.tex
File: tikzlibraryfill.image.code.tex 2023/08/08 v1.0.1 Image filling library
\l__tikzfill_img_box=\box103
))
(/usr/share/texmf-dist/tex/latex/tcolorbox/tcbskinsjigsaw.code.tex
Library (tcolorbox): 'tcbskinsjigsaw.code.tex' version '6.9.0'
)) (/usr/share/texmf-dist/tex/latex/tcolorbox/tcbbreakable.code.tex
Library (tcolorbox): 'tcbbreakable.code.tex' version '6.9.0'
(/usr/share/texmf-dist/tex/latex/pdfcol/pdfcol.sty
Package: pdfcol 2022-09-21 v1.7 Handle new color stacks for pdfTeX (HO)
Package pdfcol Info: Interface disabled because of missing PDF mode of pdfTeX.
)
Package pdfcol Info: pdfTeX's color stacks are not available.
\tcb@testbox=\box104
\tcb@totalupperbox=\box105
\tcb@totallowerbox=\box106
)
(/usr/share/texmf-dist/tex/latex/tcolorbox/tcbhooks.code.tex
Library (tcolorbox): 'tcbhooks.code.tex' version '6.9.0'
) (/usr/share/texmf-dist/tex/latex/tcolorbox/tcbtheorems.code.tex
Library (tcolorbox): 'tcbtheorems.code.tex' version '6.9.0'
) (/usr/share/texmf-dist/tex/latex/tcolorbox/tcbfitting.code.tex
Library (tcolorbox): 'tcbfitting.code.tex' version '6.9.0'
\tcbfitdim=\dimen315
\tcb@lowerfitdim=\dimen316
\tcb@upperfitdim=\dimen317
\tcb@cur@hbadness=\count413
) (/usr/share/texmf-dist/tex/latex/tcolorbox/tcblistingsutf8.code.tex
Library (tcolorbox): 'tcblistingsutf8.code.tex' version '6.9.0'
(/usr/share/texmf-dist/tex/latex/tcolorbox/tcblistings.code.tex
Library (tcolorbox): 'tcblistings.code.tex' version '6.9.0'
(/usr/share/texmf-dist/tex/latex/tcolorbox/tcblistingscore.code.tex
Library (tcolorbox): 'tcblistingscore.code.tex' version '6.9.0'
(/usr/share/texmf-dist/tex/latex/tcolorbox/tcbprocessing.code.tex
Library (tcolorbox): 'tcbprocessing.code.tex' version '6.9.0'
)
\c@tcblisting=\count414
))
Package tcolorbox Info: Library `listingsutf8' is compatible with pdftex only. 
Library `listings` is loaded instead. on input line 29.
) (/usr/share/texmf-dist/tex/latex/tcolorbox/tcbexternal.code.tex
Library (tcolorbox): 'tcbexternal.code.tex' version '6.9.0'
) (/usr/share/texmf-dist/tex/latex/tcolorbox/tcbmagazine.code.tex
Library (tcolorbox): 'tcbmagazine.code.tex' version '6.9.0'
) (/usr/share/texmf-dist/tex/latex/tcolorbox/tcbvignette.code.tex
Library (tcolorbox): 'tcbvignette.code.tex' version '6.9.0'

(/usr/share/texmf-dist/tex/generic/pgf/frontendlayer/tikz/libraries/tikzlibrary
fadings.code.tex
File: tikzlibraryfadings.code.tex 2025-08-29 v3.1.11a (3.1.11a)

(/usr/share/texmf-dist/tex/generic/pgf/libraries/pgflibraryfadings.code.tex
File: pgflibraryfadings.code.tex 2025-08-29 v3.1.11a (3.1.11a)
)))
(/usr/share/texmf-dist/tex/latex/tcolorbox/tcbposter.code.tex
Library (tcolorbox): 'tcbposter.code.tex' version '6.9.0'
)) (/usr/share/texmf-dist/tex/latex/booktabs/booktabs.sty
Package: booktabs 2020/01/12 v1.61803398 Publication quality tables
\heavyrulewidth=\dimen318
\lightrulewidth=\dimen319
\cmidrulewidth=\dimen320
\belowrulesep=\dimen321
\belowbottomsep=\dimen322
\aboverulesep=\dimen323
\abovetopsep=\dimen324
\cmidrulesep=\dimen325
\cmidrulekern=\dimen326
\defaultaddspace=\dimen327
\@cmidla=\count415
\@cmidlb=\count416
\@aboverulesep=\dimen328
\@belowrulesep=\dimen329
\@thisruleclass=\count417
\@lastruleclass=\count418
\@thisrulewidth=\dimen330
)
(/usr/share/texmf-dist/tex/latex/url/url.sty
\Urlmuskip=\muskip21
Package: url 2013/09/16  ver 3.4  Verb mode for urls, etc.
)
(/usr/share/texmf-dist/tex/latex/hyperref/hyperref.sty
Package: hyperref 2026-01-29 v7.01p Hypertext links for LaTeX

(/usr/share/texmf-dist/tex/latex/kvsetkeys/kvsetkeys.sty
Package: kvsetkeys 2022-10-05 v1.19 Key value parser (HO)
)
(/usr/share/texmf-dist/tex/generic/kvdefinekeys/kvdefinekeys.sty
Package: kvdefinekeys 2019-12-19 v1.6 Define keys (HO)
)
(/usr/share/texmf-dist/tex/generic/pdfescape/pdfescape.sty
Package: pdfescape 2019/12/09 v1.15 Implements pdfTeX's escape features (HO)
)
(/usr/share/texmf-dist/tex/latex/hycolor/hycolor.sty
Package: hycolor 2020-01-27 v1.10 Color options for hyperref/bookmark (HO)
)
(/usr/share/texmf-dist/tex/latex/hyperref/nameref.sty
Package: nameref 2026-01-29 v2.58 Cross-referencing by name of section

(/usr/share/texmf-dist/tex/latex/refcount/refcount.sty
Package: refcount 2019/12/15 v3.6 Data extraction from label references (HO)
)
(/usr/share/texmf-dist/tex/generic/gettitlestring/gettitlestring.sty
Package: gettitlestring 2019/12/15 v1.6 Cleanup title references (HO)

(/usr/share/texmf-dist/tex/latex/kvoptions/kvoptions.sty
Package: kvoptions 2022-06-15 v3.15 Key value format for package options (HO)
))
\c@section@level=\count419
)
(/usr/share/texmf-dist/tex/generic/stringenc/stringenc.sty
Package: stringenc 2019/11/29 v1.12 Convert strings between diff. encodings (HO
)
)
\@linkdim=\dimen331
\Hy@linkcounter=\count420
\Hy@pagecounter=\count421

(/usr/share/texmf-dist/tex/latex/hyperref/pd1enc.def
File: pd1enc.def 2026-01-29 v7.01p Hyperref: PDFDocEncoding definition (HO)
)
(/usr/share/texmf-dist/tex/generic/intcalc/intcalc.sty
Package: intcalc 2019/12/15 v1.3 Expandable calculations with integers (HO)
)
\Hy@SavedSpaceFactor=\count422

(/usr/share/texmf-dist/tex/latex/hyperref/puenc.def
File: puenc.def 2026-01-29 v7.01p Hyperref: PDF Unicode definition (HO)
)
Package hyperref Info: Hyper figures OFF on input line 4201.
Package hyperref Info: Link nesting OFF on input line 4206.
Package hyperref Info: Hyper index ON on input line 4209.
Package hyperref Info: Plain pages OFF on input line 4216.
Package hyperref Info: Backreferencing OFF on input line 4221.
Package hyperref Info: Implicit mode ON; LaTeX internals redefined.
Package hyperref Info: Bookmarks ON on input line 4468.
\c@Hy@tempcnt=\count423
LaTeX Info: Redefining \url on input line 4807.
\XeTeXLinkMargin=\dimen332

(/usr/share/texmf-dist/tex/generic/bitset/bitset.sty
Package: bitset 2019/12/09 v1.3 Handle bit-vector datatype (HO)

(/usr/share/texmf-dist/tex/generic/bigintcalc/bigintcalc.sty
Package: bigintcalc 2019/12/15 v1.5 Expandable calculations on big integers (HO
)
))
\Fld@menulength=\count424
\Field@Width=\dimen333
\Fld@charsize=\dimen334
Package hyperref Info: Hyper figures OFF on input line 6084.
Package hyperref Info: Link nesting OFF on input line 6089.
Package hyperref Info: Hyper index ON on input line 6092.
Package hyperref Info: backreferencing OFF on input line 6099.
Package hyperref Info: Link coloring OFF on input line 6104.
Package hyperref Info: Link coloring with OCG OFF on input line 6109.
Package hyperref Info: PDF/A mode OFF on input line 6114.
\Hy@abspage=\count425
\c@Item=\count426
\c@Hfootnote=\count427
)
Package hyperref Info: Driver (autodetected): hxetex.

(/usr/share/texmf-dist/tex/latex/hyperref/hxetex.def
File: hxetex.def 2026-01-29 v7.01p Hyperref driver for XeTeX
\pdfm@box=\box107
\c@Hy@AnnotLevel=\count428
\HyField@AnnotCount=\count429
\Fld@listcount=\count430
\c@bookmark@seq@number=\count431

(/usr/share/texmf-dist/tex/latex/rerunfilecheck/rerunfilecheck.sty
Package: rerunfilecheck 2025-06-21 v1.11 Rerun checks for auxiliary files (HO)

(/usr/share/texmf-dist/tex/generic/uniquecounter/uniquecounter.sty
Package: uniquecounter 2019/12/15 v1.4 Provide unlimited unique counter (HO)
)
Package uniquecounter Info: New unique counter `rerunfilecheck' on input line 2
84.
)
\Hy@SectionHShift=\skip106
))
(/usr/share/texmf-dist/tex/latex/marginnote/marginnote.sty
Package: marginnote 2026/01/02 1.4d non floating margin notes for LaTeX 
\c@mn@abspage=\count432
) (./agda.sty
Package: agda 2021/07/14 version 2.7.0.1 Formatting LaTeX generated by Agda

(/usr/share/texmf-dist/tex/generic/iftex/ifxetex.sty
Package: ifxetex 2019/10/25 v0.7 ifxetex legacy package. Use iftex instead.
)
(/usr/share/texmf-dist/tex/generic/iftex/ifluatex.sty
Package: ifluatex 2019/10/25 v1.5 ifluatex legacy package. Use iftex instead.
)
(/usr/share/texmf-dist/tex/latex/xifthen/xifthen.sty
Package: xifthen 2015/11/05 v1.4.0 Extended ifthen features

(/usr/share/texmf-dist/tex/latex/ifmtarg/ifmtarg.sty
Package: ifmtarg 2018/04/16 v1.2b check for an empty argument
))
(/usr/share/texmf-dist/tex/latex/polytable/polytable.sty
Package: polytable 2020/07/14 v0.8.6 `polytable' package (Andres Loeh)

(/usr/share/texmf-dist/tex/latex/lazylist/lazylist.sty)
\PT@colwidth=\dimen335
\PT@cols=\count433
\PT@table=\count434
\PT@toks=\toks54
\PT@in=\read5
\PT@out=\write6
)
\mathindent=\dimen336
\c@Agda@Current=\count435
\c@Agda@Previous=\count436
\c@Agda@AlignStart=\count437
\c@Agda@SuppressStart=\count438
\AgdaEmptySkip=\skip107
\AgdaEmptyExtraSkip=\skip108
\c@AgdaCodeNumber=\count439
)
(/usr/share/texmf-dist/tex/latex/preprint/authblk.sty
Package: authblk 2001/02/27 1.3 (PWD)
\affilsep=\skip109
\@affilsep=\skip110
\c@Maxaffil=\count440
\c@authors=\count441
\c@affil=\count442
)

Package fontspec Info: 
(fontspec)             DejaVu Sans scale = 0.8803538803768134.


Package fontspec Info: 
(fontspec)             DejaVu Sans scale = 0.8803538803768134.


Package fontspec Info: 
(fontspec)             DejaVu Sans/B scale = 0.8803538803768134.


Package fontspec Info: 
(fontspec)             DejaVu Sans/I scale = 0.8803538803768134.


Package fontspec Info: 
(fontspec)             DejaVu Sans/BI scale = 0.8803538803768134.


Package fontspec Info: 
(fontspec)             Font family 'DejaVuSans(0)' created for font 'DejaVu
(fontspec)             Sans' with options [Scale=MatchLowercase].
(fontspec)              
(fontspec)              This font family consists of the following NFSS
(fontspec)             series/shapes:
(fontspec)              
(fontspec)             - 'normal' (m/n) with NFSS spec.:
(fontspec)             <->s*[0.8803538803768134]"DejaVu
(fontspec)             Sans/OT:script=latn;language=dflt;"
(fontspec)             - 'bold' (b/n) with NFSS spec.:
(fontspec)             <->s*[0.8803538803768134]"DejaVu
(fontspec)             Sans/B/OT:script=latn;language=dflt;"
(fontspec)             - 'italic' (m/it) with NFSS spec.:
(fontspec)             <->s*[0.8803538803768134]"DejaVu
(fontspec)             Sans/I/OT:script=latn;language=dflt;"
(fontspec)             - 'bold italic' (b/it) with NFSS spec.:
(fontspec)             <->s*[0.8803538803768134]"DejaVu
(fontspec)             Sans/BI/OT:script=latn;language=dflt;"

 (./Main.aux)
\openout1 = `Main.aux'.

LaTeX Font Info:    Checking defaults for OML/cmm/m/it on input line 13.
LaTeX Font Info:    ... okay on input line 13.
LaTeX Font Info:    Checking defaults for OMS/cmsy/m/n on input line 13.
LaTeX Font Info:    ... okay on input line 13.
LaTeX Font Info:    Checking defaults for OT1/cmr/m/n on input line 13.
LaTeX Font Info:    ... okay on input line 13.
LaTeX Font Info:    Checking defaults for T1/cmr/m/n on input line 13.
LaTeX Font Info:    ... okay on input line 13.
LaTeX Font Info:    Checking defaults for TS1/cmr/m/n on input line 13.
LaTeX Font Info:    ... okay on input line 13.
LaTeX Font Info:    Checking defaults for TU/lmr/m/n on input line 13.
LaTeX Font Info:    ... okay on input line 13.
LaTeX Font Info:    Checking defaults for OMX/cmex/m/n on input line 13.
LaTeX Font Info:    ... okay on input line 13.
LaTeX Font Info:    Checking defaults for U/cmr/m/n on input line 13.
LaTeX Font Info:    ... okay on input line 13.
LaTeX Font Info:    Checking defaults for PD1/pdf/m/n on input line 13.
LaTeX Font Info:    ... okay on input line 13.
LaTeX Font Info:    Checking defaults for PU/pdf/m/n on input line 13.
LaTeX Font Info:    ... okay on input line 13.

*geometry* driver: auto-detecting
*geometry* detected driver: xetex
*geometry* verbose mode - [ preamble ] result:
* driver: xetex
* paper: <default>
* layout: <same size as paper>
* layoutoffset:(h,v)=(0.0pt,0.0pt)
* modes: twoside 
* h-part:(L,W,R)=(85.35826pt, 443.57848pt, 85.35826pt)
* v-part:(T,H,B)=(71.13188pt, 652.70622pt, 71.13188pt)
* \paperwidth=614.295pt
* \paperheight=794.96999pt
* \textwidth=443.57848pt
* \textheight=652.70622pt
* \oddsidemargin=13.08827pt
* \evensidemargin=13.08827pt
* \topmargin=-33.0119pt
* \headheight=15.0pt
* \headsep=19.8738pt
* \topskip=11.0pt
* \footskip=27.46295pt
* \marginparwidth=31.2982pt
* \marginparsep=5.69054pt
* \columnsep=10.0pt
* \skip\footins=10.0pt plus 4.0pt minus 2.0pt
* \hoffset=0.0pt
* \voffset=0.0pt
* \mag=1000
* \@twocolumnfalse
* \@twosidetrue
* \@mparswitchtrue
* \@reversemarginfalse
* (1in=72.27pt=25.4mm, 1cm=28.453pt)


Package unicode-math Warning: Using \overbracket and \underbracket from
(unicode-math)                `mathtools' package.
(unicode-math)                 
(unicode-math)                 Use \Uoverbracket and \Uunderbracket for
(unicode-math)                original `unicode-math' definition.


Package unicode-math Warning: I'm going to overwrite the following commands
(unicode-math)                from the `mathtools' package: 
(unicode-math)                 
(unicode-math)                     \dblcolon, \coloneqq, \Coloneqq, \eqqcolon.
(unicode-math)                
(unicode-math)                 
(unicode-math)                 Note that since I won't overwrite the other
(unicode-math)                colon-like commands, using them will lead to
(unicode-math)                inconsistencies.

LaTeX Info: Redefining \idotsint on input line 13.
LaTeX Info: Redefining \varint on input line 13.
\c@lstlisting=\count443
Package minitoc(hints) Info: I0049
(minitoc(hints))             ==> You requested the hints option. 
(minitoc(hints))             Some hints are eventually given below.

Package minitoc(hints) Warning: W0040
(minitoc(hints))                --- The titletoc package is loaded. 
(minitoc(hints))                It is incompatible 
(minitoc(hints))                with the minitoc package.


Package minitoc(hints) Warning: W0030
(minitoc(hints))                --- The \part command is altered 
(minitoc(hints))                after minitoc.


Package minitoc(hints) Warning: W0023
(minitoc(hints))                --- It may be the consequence 
(minitoc(hints))                of loading the ``hyperref'' package.


Package minitoc(hints) Warning: W0028
(minitoc(hints))                --- The \chapter command is altered 
(minitoc(hints))                after minitoc.


Package minitoc(hints) Warning: W0023
(minitoc(hints))                --- It may be the consequence 
(minitoc(hints))                of loading the ``hyperref'' package.


(/usr/share/texmf-dist/tex/latex/translations/translations-basic-dictionary-eng
lish.trsl
File: translations-basic-dictionary-english.trsl (english translation file `tra
nslations-basic-dictionary')
)
Package translations Info: loading dictionary `translations-basic-dictionary' f
or `english'. on input line 13.
Package hyperref Info: Link coloring OFF on input line 13.
 (./Main.out) (./Main.out)
\@outlinefile=\write7
\openout7 = `Main.out'.



LaTeX Font Warning: Font shape `TU/TrebuchetMS(0)/m/sc' undefined
(Font)              using `TU/TrebuchetMS(0)/m/n' instead on input line 21.


Underfull \vbox (badness 10000) has occurred while \output is active []

File: cover.jpg Graphic file (type bmp)
<cover.jpg>
 [1

]
[2]
File: background.jpg Graphic file (type bmp)
<background.jpg>
 (./Main.toc
LaTeX Font Info:    Font shape `TU/KpMath-Regular.otf(2)/m/n' will be
(Font)              scaled to size 10.95116pt on input line 5.
LaTeX Font Info:    Font shape `TU/KpMath-Regular.otf(2)/m/n' will be
(Font)              scaled to size 7.6658pt on input line 5.
LaTeX Font Info:    Font shape `TU/KpMath-Regular.otf(2)/m/n' will be
(Font)              scaled to size 6.02315pt on input line 5.
LaTeX Font Info:    Font shape `TU/KpMath-Regular.otf(3)/m/n' will be
(Font)              scaled to size 10.94882pt on input line 5.
LaTeX Font Info:    Font shape `TU/KpMath-Regular.otf(3)/m/n' will be
(Font)              scaled to size 7.66417pt on input line 5.
LaTeX Font Info:    Font shape `TU/KpMath-Regular.otf(3)/m/n' will be
(Font)              scaled to size 6.02185pt on input line 5.
LaTeX Font Info:    Trying to load font information for U+msa on input line 5.
 (/usr/share/texmf-dist/tex/latex/amsfonts/umsa.fd
File: umsa.fd 2013/01/14 v3.01 AMS symbols A
)
LaTeX Font Info:    Trying to load font information for U+msb on input line 5.

(/usr/share/texmf-dist/tex/latex/amsfonts/umsb.fd
File: umsb.fd 2013/01/14 v3.01 AMS symbols B
)
LaTeX Font Info:    Trying to load font information for U+wasy on input line 5.


(/usr/share/texmf-dist/tex/latex/wasysym/uwasy.fd
File: uwasy.fd 2020/01/19 v2.4 Wasy-2 symbol font definitions
))
\tf@toc=\write8
\openout8 = `Main.toc'.

 [3

] [4

]
(../src/Prelude/Prelude.lagda.tex
Chapter 1.
File: background.jpg Graphic file (type bmp)
<background.jpg>
\openout4 = `Main.mtc'.

\openout4 = `Main.mtc'.

LaTeX Font Info:    Font shape `TU/KpMath-Regular.otf(2)/m/n' will be
(Font)              scaled to size 10.00107pt on input line 2.
LaTeX Font Info:    Font shape `TU/KpMath-Regular.otf(2)/m/n' will be
(Font)              scaled to size 7.00075pt on input line 2.
LaTeX Font Info:    Font shape `TU/KpMath-Regular.otf(2)/m/n' will be
(Font)              scaled to size 5.00053pt on input line 2.
LaTeX Font Info:    Font shape `TU/KpMath-Regular.otf(3)/m/n' will be
(Font)              scaled to size 9.99893pt on input line 2.
LaTeX Font Info:    Font shape `TU/KpMath-Regular.otf(3)/m/n' will be
(Font)              scaled to size 6.99925pt on input line 2.
LaTeX Font Info:    Font shape `TU/KpMath-Regular.otf(3)/m/n' will be
(Font)              scaled to size 4.99947pt on input line 2.

Overfull \hbox (130.59818pt too wide) in paragraph at lines 2--2
[][][]  
 []

(./Main.mtc1) [5

])
\openout6 = `Main.ptb'.

LaTeX Font Info:    Font shape `TU/DejaVuSans(0)/m/n' will be
(Font)              scaled to size 9.6399pt on input line 35.
 [6]
Package minitoc Info: I0009
(minitoc)             Listing minitoc auxiliary files. 
(minitoc)             Creating the Main.maf file.
\openout4 = `Main.maf'.



Package minitoc(hints) Warning: W0024
(minitoc(hints))                Some hints have been written 
(minitoc(hints))                in the Main.log file.

(./Main.aux)
 ***********
LaTeX2e <2025-11-01>
L3 programming layer <2026-01-19>
 ***********


LaTeX Font Warning: Some font shapes were not available, defaults substituted.

Package rerunfilecheck Info: File `Main.out' has not changed.
(rerunfilecheck)             Checksum: 8A33738843DC4E5586B63F77EB1ED590;804.
 ) 
Here is how much of TeX's memory you used:
 45510 strings out of 470191
 963880 string characters out of 5479698
 1679714 words of memory out of 5000000
 73268 multiletter control sequences out of 15000+600000
 638264 words of font info for 187 fonts, out of 8000000 for 9000
 14 hyphenation exceptions out of 8191
 130i,15n,149p,541b,2768s stack positions out of 10000i,1000n,20000p,200000b,200000s

Output written on Main.xdv (6 pages, 63492 bytes).
